id_usuario,nombre,apellido,email,telefono,direccion,Fecha_registro,estado
1,Shane,Godsal,sgodsal0@cbc.ca,5695815025,09 Lotheville Pass,10/4/2009,Inactivo
2,Welbie,Aspinal,waspinal1@utexas.edu,8355781761,6 Almo Court,4/2/2010,Inactivo
3,Mirilla,Jurick,mjurick2@clickbank.net,9795660202,35145 Farragut Alley,6/1/2009,Inactivo
4,Stephen,Sirman,ssirman3@ibm.com,7385062085,3822 Brentwood Drive,4/4/2018,Inactivo
5,Tate,Chomicz,tchomicz4@stumbleupon.com,6221060148,7089 Bobwhite Terrace,5/3/2014,Activo
6,Shepherd,Raffan,sraffan5@uiuc.edu,6283130409,87892 Fordem Circle,6/22/2005,Activo
7,Misty,Uccello,muccello6@loc.gov,4595933326,57945 Huxley Road,4/23/2011,Activo
8,Matilde,Gieves,mgieves7@usda.gov,8458132632,3655 Clemons Park,7/27/2015,Activo
9,Edgard,Motion,emotion8@booking.com,5952815969,297 Lerdahl Terrace,1/3/2024,Inactivo
10,Westley,Chatband,wchatband9@examiner.com,3519749120,7 Lotheville Terrace,11/9/2023,Activo
11,Burr,Brameld,bbramelda@bigcartel.com,3718735525,0 Carey Lane,2/22/2014,Inactivo
12,Kamillah,Heckle,kheckleb@amazon.co.jp,3177534490,8 Donald Way,7/3/2023,Activo
13,Lorenzo,Dudson,ldudsonc@google.co.jp,3623276314,8216 Quincy Drive,9/22/2020,Inactivo
14,Stacey,McDill,smcdilld@ebay.com,9193702147,10547 Fremont Circle,7/30/2020,Activo
15,Egor,Crawley,ecrawleye@tumblr.com,6187712099,8 Bonner Avenue,7/31/2015,Activo
16,Silvan,Gheerhaert,sgheerhaertf@foxnews.com,3328701398,5200 Marcy Street,6/6/2013,Activo
17,Cammie,Hamshere,chamshereg@slate.com,4912761091,53 Elka Court,10/16/2006,Inactivo
18,Tobin,Blything,tblythingh@myspace.com,4169813725,42 Holy Cross Way,11/2/2012,Activo
19,Leola,Nolda,lnoldai@go.com,1345933949,855 Farragut Point,3/11/2018,Inactivo
20,Kettie,Hickford,khickfordj@dailymail.co.uk,2985517651,2 Colorado Parkway,8/30/2008,Inactivo
21,Hadlee,Pykerman,hpykermank@hatena.ne.jp,6915615223,87616 Southridge Place,1/29/2020,Inactivo
22,Margaretta,Lodeke,mlodekel@infoseek.co.jp,2956683459,61206 Di Loreto Lane,9/3/2008,Activo
23,Kayne,Doerr,kdoerrm@miitbeian.gov.cn,6176969080,8 Brickson Park Hill,1/14/2019,Activo
24,Kelly,Potell,kpotelln@newsvine.com,4495997760,86346 2nd Trail,11/22/2014,Activo
25,Cullie,Chumley,cchumleyo@phpbb.com,4149401870,7 3rd Junction,4/19/2017,Activo
26,Rik,Sallery,rsalleryp@cdc.gov,4719139012,409 Eggendart Parkway,1/10/2008,Activo
27,Merilyn,Capron,mcapronq@alibaba.com,1956207501,39 Waywood Trail,5/13/2005,Inactivo
28,Stephannie,Spino,sspinor@addtoany.com,7583755661,027 Maryland Terrace,3/29/2024,Inactivo
29,Chelsey,Rallin,crallins@cbsnews.com,1713416576,8 Novick Park,2/9/2017,Inactivo
30,Yettie,Settle,ysettlet@blogspot.com,7641087363,5 Troy Terrace,5/23/2008,Inactivo
31,Emmie,Pignon,epignonu@timesonline.co.uk,2404420997,494 Coolidge Plaza,8/16/2007,Activo
32,Ignacius,Perrinchief,iperrinchiefv@globo.com,9189456527,146 Crest Line Point,2/1/2021,Activo
33,Laureen,Rumens,lrumensw@macromedia.com,2815285305,18 Del Sol Alley,1/18/2022,Inactivo
34,Kenneth,Woolforde,kwoolfordex@multiply.com,9129351654,02044 Blaine Way,11/13/2024,Activo
35,Laura,Baison,lbaisony@furl.net,8507196381,8 Mccormick Plaza,6/1/2020,Activo
36,Analise,McConnulty,amcconnultyz@ucoz.ru,7452746726,2688 Gina Avenue,11/17/2011,Activo
37,Harriott,Monelle,hmonelle10@pagesperso-orange.fr,4111838926,189 Haas Crossing,9/30/2022,Activo
38,Sigfrid,Hurworth,shurworth11@berkeley.edu,6455677413,504 Dottie Court,5/19/2007,Activo
39,Hewet,Handforth,hhandforth12@1und1.de,4793617538,1 Heffernan Trail,8/20/2011,Activo
40,Justis,MacKilroe,jmackilroe13@mysql.com,8961067133,0 Thackeray Parkway,11/8/2017,Inactivo
41,Pavlov,Tooley,ptooley14@creativecommons.org,8144693651,844 Clyde Gallagher Place,4/23/2019,Inactivo
42,Jocelyne,Maultby,jmaultby15@lycos.com,1483745045,090 Pine View Place,5/20/2013,Activo
43,Ulla,Glowach,uglowach16@economist.com,6051376895,18070 Goodland Plaza,4/7/2007,Activo
44,Marissa,Ramstead,mramstead17@parallels.com,9867608347,367 Bultman Lane,6/15/2012,Inactivo
45,Moise,Okell,mokell18@meetup.com,6467639588,411 David Center,1/12/2015,Activo
46,Munroe,Back,mback19@shinystat.com,6502178139,90 Carberry Avenue,8/15/2005,Activo
47,Eve,Menendes,emenendes1a@friendfeed.com,2067609544,13 Grasskamp Hill,4/18/2024,Activo
48,Chrissie,Pinkerton,cpinkerton1b@webs.com,1025318564,2046 Vera Park,3/17/2019,Activo
49,Tracie,Magner,tmagner1c@ovh.net,2245227830,27025 Mariners Cove Road,11/29/2006,Activo
50,Keenan,Squires,ksquires1d@google.nl,2026323033,736 1st Place,10/7/2013,Activo
51,Jacinthe,Byford,jbyford1e@dion.ne.jp,7521096731,4 Kedzie Crossing,2/24/2006,Inactivo
52,Rey,Stack,rstack1f@dedecms.com,7761643270,2520 Northwestern Road,7/8/2007,Inactivo
53,Ron,Melato,rmelato1g@tuttocitta.it,9812305742,31 Farmco Terrace,5/4/2014,Inactivo
54,Hillery,Breming,hbreming1h@kickstarter.com,8747247261,737 Knutson Junction,12/10/2021,Inactivo
55,Arlana,Steutly,asteutly1i@google.ca,9541123381,957 Hoepker Way,11/8/2024,Inactivo
56,Melesa,Bachellier,mbachellier1j@stanford.edu,9578174156,967 Bartelt Place,1/24/2013,Activo
57,Kahaleel,Crapper,kcrapper1k@ameblo.jp,8354848508,151 Alpine Hill,7/12/2024,Inactivo
58,Luciana,Sobtka,lsobtka1l@zimbio.com,2144239678,6896 Merchant Junction,7/8/2012,Inactivo
59,Ebba,Hammerich,ehammerich1m@t.co,3254859399,51 Dahle Center,3/29/2013,Activo
60,Erroll,Gagg,egagg1n@tuttocitta.it,1444914409,551 David Parkway,2/26/2025,Inactivo
61,Ravi,Georgeou,rgeorgeou1o@shinystat.com,6381166179,39538 Eastwood Terrace,1/18/2020,Activo
62,Dawna,Adger,dadger1p@ox.ac.uk,5714716780,02 Graceland Hill,2/7/2024,Activo
63,Ollie,Puddefoot,opuddefoot1q@ucoz.com,2402355694,0 Bashford Crossing,1/2/2009,Activo
64,Hurley,Bunn,hbunn1r@yale.edu,3532688548,71337 Service Terrace,5/11/2019,Activo
65,Lorraine,Bernardotte,lbernardotte1s@freewebs.com,2107735513,3998 Burning Wood Court,11/28/2023,Inactivo
66,Virginie,Absolom,vabsolom1t@accuweather.com,4275472018,79 John Wall Park,7/18/2010,Activo
67,Mitch,MacGee,mmacgee1u@sogou.com,4403387307,3610 Bay Trail,8/15/2024,Inactivo
68,Eugenio,Abisetti,eabisetti1v@nationalgeographic.com,8601335129,00837 Center Center,10/2/2006,Activo
69,Correna,Purry,cpurry1w@wp.com,6697861686,00952 Northview Terrace,3/4/2024,Activo
70,Onofredo,Skewes,oskewes1x@army.mil,4147621483,1412 Anhalt Terrace,5/10/2012,Inactivo
71,Alexandr,Obbard,aobbard1y@ibm.com,3042714025,374 Susan Alley,10/9/2023,Activo
72,Hollyanne,Mulvey,hmulvey1z@sfgate.com,8378986781,664 Dexter Circle,5/3/2019,Activo
73,Anthiathia,Verni,averni20@phpbb.com,3448545292,07871 Susan Plaza,9/24/2018,Activo
74,Glori,MacGinney,gmacginney21@wired.com,4748491380,5952 Burrows Trail,10/11/2008,Inactivo
75,Krissie,Scotts,kscotts22@quantcast.com,5824801493,31 Jana Avenue,1/9/2025,Activo
76,Angelita,Matthisson,amatthisson23@hexun.com,7501705397,7 Oxford Way,7/14/2023,Activo
77,Karl,Jenkyn,kjenkyn24@mozilla.org,8835970919,28856 Jana Crossing,2/15/2020,Activo
78,Sharona,Quig,squig25@live.com,6513115734,84 Sugar Hill,5/12/2016,Activo
79,Ray,Topley,rtopley26@answers.com,5105080092,01517 Blaine Hill,11/19/2014,Activo
80,Montgomery,Berick,mberick27@nhs.uk,3623339484,3 Sherman Point,4/2/2020,Activo
81,Faustina,Bosch,fbosch28@ucoz.ru,7147988341,12 Commercial Street,6/9/2024,Activo
82,Joey,Wisbey,jwisbey29@usnews.com,1276248111,30778 Valley Edge Park,7/2/2005,Inactivo
83,Dallis,Brayford,dbrayford2a@cpanel.net,6565720695,73179 Debra Point,7/8/2008,Inactivo
84,Laurie,Wallbrook,lwallbrook2b@xing.com,8344398031,28213 Dawn Trail,11/8/2016,Activo
85,Gilli,Waind,gwaind2c@harvard.edu,9911727289,8159 Comanche Hill,7/28/2005,Inactivo
86,Henka,Batrim,hbatrim2d@wix.com,7657529710,192 Montana Park,2/22/2023,Activo
87,Reggie,Martonfi,rmartonfi2e@usgs.gov,1065682970,265 Macpherson Court,11/22/2024,Inactivo
88,Caleb,Cock,ccock2f@livejournal.com,2507357528,84085 Spenser Hill,2/12/2018,Inactivo
89,Lorrie,Pidon,lpidon2g@friendfeed.com,5184899720,6518 Ohio Alley,2/9/2014,Activo
90,Ham,Archley,harchley2h@msn.com,3718500902,42101 Mallory Parkway,1/3/2012,Activo
91,Krissy,Stearn,kstearn2i@123-reg.co.uk,3935565823,15412 Crescent Oaks Center,2/3/2020,Inactivo
92,Ramona,Limming,rlimming2j@vimeo.com,6047771737,61 Gale Lane,2/14/2010,Activo
93,Maressa,Trevain,mtrevain2k@epa.gov,8724253913,4 Moland Circle,1/28/2013,Activo
94,Fernando,Siene,fsiene2l@wikipedia.org,9008343683,745 Lunder Court,11/22/2009,Activo
95,Hayden,Zorzini,hzorzini2m@alibaba.com,3099249435,23 Acker Parkway,1/19/2010,Activo
96,Starlene,Di Bartolommeo,sdibartolommeo2n@vkontakte.ru,9607740395,7 Bartillon Alley,3/14/2007,Inactivo
97,Redford,Godball,rgodball2o@meetup.com,8313492533,869 Glendale Hill,12/18/2011,Inactivo
98,Kilian,Sealeaf,ksealeaf2p@census.gov,6938939009,438 Sutherland Park,5/30/2007,Activo
99,Rooney,Bateman,rbateman2q@ox.ac.uk,4571423976,4 Burrows Parkway,4/13/2006,Activo
100,Dinny,Mellsop,dmellsop2r@homestead.com,4679010453,78 Westport Street,8/16/2005,Activo
101,Terry,Hoofe,thoofe2s@chron.com,3218395204,38802 Arapahoe Junction,7/10/2021,Inactivo
102,Linn,Cowling,lcowling2t@nytimes.com,1696054321,8325 Marcy Avenue,1/7/2012,Activo
103,Ezekiel,Francisco,efrancisco2u@nifty.com,2146953234,61 Melvin Alley,1/1/2015,Activo
104,Arleen,Wince,awince2v@netscape.com,7361197681,1 Colorado Lane,1/21/2025,Inactivo
105,Danielle,Riordan,driordan2w@bing.com,7058522752,08 Marquette Center,6/24/2012,Activo
106,Hester,Hulke,hhulke2x@irs.gov,7174793412,733 Orin Junction,8/27/2010,Inactivo
107,Brennen,Fernie,bfernie2y@github.com,1513931597,5740 Hagan Crossing,9/24/2024,Inactivo
108,Gertrud,Yosevitz,gyosevitz2z@ask.com,4272692255,7 Ramsey Crossing,8/28/2009,Inactivo
109,Minnnie,Alf,malf30@angelfire.com,1049558234,676 Declaration Avenue,2/9/2009,Inactivo
110,Farrell,Gorman,fgorman31@facebook.com,8965583826,4 Fordem Drive,10/8/2009,Activo
111,Michael,Parlatt,mparlatt32@yahoo.co.jp,3192025807,97494 Atwood Plaza,5/9/2021,Activo
112,Latrena,Hasnip,lhasnip33@google.com.hk,7371361667,3 Ronald Regan Alley,1/29/2013,Inactivo
113,Frederique,Rawdall,frawdall34@xing.com,1077814810,11 Weeping Birch Junction,4/3/2016,Activo
114,Yulma,Coopman,ycoopman35@typepad.com,4811011467,4477 International Alley,9/28/2016,Inactivo
115,Caddric,Pontin,cpontin36@abc.net.au,7395345854,66 Dahle Park,6/25/2018,Activo
116,Ladonna,Bodman,lbodman37@github.com,9014230179,1 Meadow Valley Point,6/2/2013,Inactivo
117,Rudolph,Stopps,rstopps38@google.nl,8821998968,4612 Holmberg Avenue,3/18/2024,Activo
118,Dorelle,Gilberthorpe,dgilberthorpe39@webmd.com,8185767615,10820 Grayhawk Pass,10/9/2005,Inactivo
119,Etheline,Forrestor,eforrestor3a@imgur.com,8829932541,46 Melby Lane,7/3/2010,Inactivo
120,Berkeley,Corwood,bcorwood3b@wisc.edu,3699496679,41 Summer Ridge Terrace,7/11/2008,Inactivo
121,Spenser,Comben,scomben3c@dedecms.com,1007380975,547 Elka Center,8/12/2006,Activo
122,Erskine,Pedican,epedican3d@comsenz.com,9961102469,981 Shelley Plaza,1/5/2007,Activo
123,Delaney,Lartice,dlartice3e@facebook.com,7572869807,817 Center Drive,6/29/2018,Activo
124,Lonni,Rockwell,lrockwell3f@archive.org,2301435227,56 Wayridge Parkway,1/18/2010,Activo
125,Del,Chelsom,dchelsom3g@hud.gov,8127726129,40 Prentice Road,4/20/2012,Activo
126,Carmelita,Lowres,clowres3h@indiegogo.com,6137639842,820 Vahlen Junction,3/11/2022,Inactivo
127,Babbette,Bessell,bbessell3i@vkontakte.ru,7813442114,60191 Gateway Terrace,3/24/2013,Activo
128,Ronnica,Colquyte,rcolquyte3j@google.com.br,6969482482,6029 Upham Place,2/1/2006,Inactivo
129,Edgard,Jozsef,ejozsef3k@163.com,7072267730,61395 Badeau Crossing,3/31/2009,Inactivo
130,Hermione,Loyley,hloyley3l@bloglines.com,6973281000,86526 Banding Drive,1/1/2024,Activo
131,Wright,Camilio,wcamilio3m@domainmarket.com,6944823004,3 Texas Road,1/19/2021,Activo
132,Penni,Duckels,pduckels3n@taobao.com,6524104408,368 Iowa Lane,10/3/2018,Inactivo
133,Casie,Mccaull,cmccaull3o@pbs.org,9133154114,51512 Valley Edge Alley,2/17/2018,Inactivo
134,Hilde,Jeffry,hjeffry3p@marketwatch.com,8453466216,98833 New Castle Park,6/5/2015,Inactivo
135,Clemmie,Presslie,cpresslie3q@about.me,5532044579,7742 Messerschmidt Parkway,12/7/2015,Activo
136,Idalia,Bruno,ibruno3r@facebook.com,5112193477,71005 Bultman Trail,5/1/2006,Activo
137,Lorilyn,Loomes,lloomes3s@fema.gov,2709796807,79 Killdeer Alley,1/30/2024,Activo
138,Sibelle,Redon,sredon3t@cpanel.net,7195284866,90 Forest Way,12/1/2020,Inactivo
139,Marcelia,Tungay,mtungay3u@imgur.com,2973310098,6 Jenifer Crossing,2/7/2018,Inactivo
140,Atlante,Grzelczak,agrzelczak3v@independent.co.uk,1546851923,3393 Oak Terrace,12/15/2010,Inactivo
141,Celle,Mosdell,cmosdell3w@imageshack.us,9837314472,8047 Superior Junction,8/28/2014,Inactivo
142,Nellie,Filyashin,nfilyashin3x@chron.com,2246496732,539 Muir Drive,1/9/2012,Inactivo
143,Mae,Trobe,mtrobe3y@phpbb.com,1469049604,21 Bellgrove Alley,10/25/2021,Inactivo
144,Lucais,Buttriss,lbuttriss3z@multiply.com,3141348654,31 Fordem Alley,3/9/2020,Inactivo
145,Berne,Simmig,bsimmig40@thetimes.co.uk,3094552174,71808 Rockefeller Place,8/14/2009,Inactivo
146,Hermie,Wrankling,hwrankling41@php.net,4224957806,48 Moulton Way,4/25/2010,Activo
147,Hilliard,Hemms,hhemms42@blinklist.com,5497295341,68020 Stuart Alley,4/1/2013,Inactivo
148,Nobie,Giacopetti,ngiacopetti43@addtoany.com,6322315098,677 Paget Lane,6/16/2012,Activo
149,Garrot,Churchley,gchurchley44@livejournal.com,7009895761,55 Stephen Trail,8/7/2017,Activo
150,Putnem,Guilaem,pguilaem45@usatoday.com,5472789691,8763 Fordem Street,7/24/2017,Inactivo
151,Sonnie,McArtan,smcartan46@freewebs.com,4862860814,4726 Florence Place,12/12/2013,Activo
152,Emmye,Fairham,efairham47@canalblog.com,6264032466,6020 Anniversary Plaza,9/19/2021,Inactivo
153,Shepherd,Chart,schart48@blogtalkradio.com,9587556403,55 Anzinger Court,7/2/2016,Activo
154,Itch,Turbern,iturbern49@slideshare.net,7333408951,43 Lakewood Lane,11/26/2005,Activo
155,Donella,Bottrill,dbottrill4a@vk.com,3968972727,278 Troy Center,5/30/2017,Activo
156,Lazarus,Ambrozik,lambrozik4b@nps.gov,2563246407,7 Quincy Circle,10/13/2023,Inactivo
157,Cody,Rottenbury,crottenbury4c@drupal.org,2204839471,84 Starling Hill,11/5/2024,Activo
158,Maris,Le-Good,mlegood4d@creativecommons.org,8105341834,773 Alpine Crossing,4/9/2009,Activo
159,Darline,Depport,ddepport4e@nymag.com,3132980526,3 Oak Valley Lane,1/1/2018,Inactivo
160,Nat,Dunbabin,ndunbabin4f@angelfire.com,6291230299,15159 Sullivan Hill,11/17/2017,Inactivo
161,Natale,D'Antuoni,ndantuoni4g@livejournal.com,9411011901,164 Mccormick Avenue,9/11/2018,Inactivo
162,Winna,McMylor,wmcmylor4h@patch.com,2405266863,2 Kensington Terrace,3/31/2023,Activo
163,Chane,Greedy,cgreedy4i@nymag.com,5898366210,7 Onsgard Drive,7/23/2008,Activo
164,Amelita,Bleasby,ableasby4j@phoca.cz,3475203324,276 Straubel Park,5/20/2022,Inactivo
165,Charmine,Crosby,ccrosby4k@skyrock.com,7726772054,29598 Crescent Oaks Trail,12/4/2014,Activo
166,Maggi,Smitham,msmitham4l@nytimes.com,7732954210,7467 Longview Crossing,12/14/2013,Inactivo
167,Callean,Deme,cdeme4m@foxnews.com,5464079942,37548 Moose Circle,6/27/2016,Activo
168,Brockie,Blasl,bblasl4n@nifty.com,5464165538,67 Loeprich Plaza,4/15/2008,Inactivo
169,Lyell,Hyde,lhyde4o@state.gov,2922676518,0787 Hansons Trail,6/25/2016,Activo
170,Gard,McNair,gmcnair4p@economist.com,9349914182,80285 Reindahl Terrace,12/10/2014,Activo
171,Kenyon,Dafter,kdafter4q@cafepress.com,2399811632,0 Waxwing Court,8/7/2011,Inactivo
172,Idette,Claybourne,iclaybourne4r@chronoengine.com,1052738690,927 Boyd Park,7/15/2006,Activo
173,Shirley,Antrack,santrack4s@vimeo.com,9739205566,36227 Mcguire Terrace,8/16/2011,Inactivo
174,Leonanie,Coucha,lcoucha4t@meetup.com,7593744473,08 Scofield Way,6/12/2008,Activo
175,Brina,Checkley,bcheckley4u@ehow.com,3314989272,4 Magdeline Parkway,12/3/2008,Inactivo
176,Leoine,Rackstraw,lrackstraw4v@disqus.com,3058560135,282 Brentwood Drive,8/9/2009,Inactivo
177,Stacy,Krolman,skrolman4w@forbes.com,1835158171,4 Morningstar Crossing,9/30/2011,Inactivo
178,Andrus,Flahive,aflahive4x@trellian.com,4739182221,43 Lunder Trail,5/2/2008,Activo
179,Fania,Vasentsov,fvasentsov4y@army.mil,6226736758,065 Londonderry Way,6/22/2016,Activo
180,Darelle,McElwee,dmcelwee4z@psu.edu,5341934212,10471 Eggendart Pass,6/23/2013,Inactivo
181,Jake,Selvey,jselvey50@tmall.com,9888290114,36 Cody Court,9/4/2005,Inactivo
182,Sammy,Barstowk,sbarstowk51@economist.com,7254942491,00065 Vahlen Junction,12/6/2021,Inactivo
183,Bernardine,Brentnall,bbrentnall52@oracle.com,1629767866,589 Arkansas Lane,7/28/2021,Activo
184,Francoise,Mohan,fmohan53@phpbb.com,8942343042,510 Delaware Point,9/5/2021,Activo
185,Hanny,Scarrott,hscarrott54@utexas.edu,6735519302,545 Ramsey Alley,8/9/2015,Inactivo
186,Cindie,Cartman,ccartman55@mit.edu,9333421412,8 Summerview Terrace,3/28/2010,Activo
187,Clerissa,Kupisz,ckupisz56@feedburner.com,6566382460,3784 Dayton Pass,12/18/2005,Activo
188,Angie,Darke,adarke57@geocities.com,7019460075,7291 Gale Road,10/3/2021,Activo
189,Alecia,Garoghan,agaroghan58@webs.com,6975011121,16851 Oneill Parkway,10/30/2016,Activo
190,Joseito,Cosgry,jcosgry59@shutterfly.com,5528481717,2 Everett Place,5/13/2008,Activo
191,Vanessa,Landman,vlandman5a@oracle.com,5466893180,87 Anzinger Alley,6/25/2022,Activo
192,Clerissa,Dammarell,cdammarell5b@harvard.edu,8165054750,166 Sherman Way,11/11/2020,Activo
193,Becka,Sturgess,bsturgess5c@qq.com,9061897653,48 Steensland Terrace,7/25/2012,Activo
194,Daveta,Drejer,ddrejer5d@marketwatch.com,4462688491,98 Dapin Alley,10/6/2018,Inactivo
195,Marcus,Bossingham,mbossingham5e@vinaora.com,1716583916,1 Acker Pass,11/18/2005,Inactivo
196,Genny,Curnokk,gcurnokk5f@ucoz.ru,5778783673,5 Blue Bill Park Trail,8/8/2013,Activo
197,Emmerich,Iannitti,eiannitti5g@who.int,2079872652,945 Melvin Road,9/12/2022,Activo
198,Theodoric,Gosnall,tgosnall5h@imageshack.us,8867601919,68 Golf Course Park,9/1/2022,Inactivo
199,Felix,Baumler,fbaumler5i@ihg.com,6325615076,215 Amoth Terrace,12/19/2023,Inactivo
200,Berta,Towson,btowson5j@pbs.org,2431115808,172 Menomonie Drive,6/30/2019,Inactivo
201,Job,Thorneywork,jthorneywork5k@latimes.com,6704286400,230 Graceland Alley,3/3/2017,Inactivo
202,Lavena,Gawthrope,lgawthrope5l@state.gov,3319493918,72283 Transport Crossing,12/29/2013,Activo
203,Grace,Barsham,gbarsham5m@github.io,8127684373,45 Laurel Junction,7/28/2012,Activo
204,Basia,Littlekit,blittlekit5n@dedecms.com,4842707351,1 Duke Terrace,7/26/2013,Inactivo
205,Meridel,Rosenkrantz,mrosenkrantz5o@admin.ch,2515480860,5544 Bultman Lane,9/6/2020,Inactivo
206,Burnaby,Campos,bcampos5p@seesaa.net,3981074534,3622 Judy Alley,3/21/2020,Activo
207,Gwenore,Aimer,gaimer5q@delicious.com,1953266718,9090 Oak Valley Hill,5/23/2018,Activo
208,Gilles,Cruces,gcruces5r@marketwatch.com,9745184738,5704 Nova Point,12/16/2021,Activo
209,Hamish,Redmain,hredmain5s@stanford.edu,8404198759,64914 Reinke Plaza,8/20/2019,Activo
210,Morgan,Nuttey,mnuttey5t@reddit.com,5157193672,1073 Westend Plaza,11/2/2015,Inactivo
211,Jaquith,Oldknowe,joldknowe5u@howstuffworks.com,9213582719,185 Dawn Street,3/27/2012,Activo
212,Stevie,Klimashevich,sklimashevich5v@xrea.com,1413692017,77331 Moland Place,11/3/2013,Inactivo
213,Phaedra,Tubritt,ptubritt5w@google.com.br,5962054592,1 Holy Cross Parkway,2/25/2020,Activo
214,Margret,Bonny,mbonny5x@ask.com,8327196220,7 Warner Crossing,4/17/2017,Inactivo
215,Osborn,Daws,odaws5y@rambler.ru,6448842522,310 Mitchell Drive,7/6/2016,Activo
216,Sonny,Quernel,squernel5z@blogtalkradio.com,5486402590,46609 Gale Parkway,2/8/2025,Inactivo
217,Ermina,Lawtey,elawtey60@accuweather.com,3738266614,56783 Mayfield Trail,4/22/2017,Inactivo
218,Elsi,Maitland,emaitland61@merriam-webster.com,4369756611,07 Welch Lane,2/28/2025,Activo
219,Perice,Gainsford,pgainsford62@taobao.com,7388181880,7 Montana Parkway,10/29/2005,Inactivo
220,Bruno,Maass,bmaass63@hexun.com,9765646995,93548 Thompson Parkway,4/3/2017,Activo
221,Verina,Maden,vmaden64@vkontakte.ru,6003250456,18703 Pine View Parkway,9/26/2014,Activo
222,Lyn,Byatt,lbyatt65@freewebs.com,2001843855,6 Iowa Road,10/30/2018,Inactivo
223,Merlina,Metschke,mmetschke66@rakuten.co.jp,6296486574,6 Oak Valley Pass,2/18/2009,Inactivo
224,Alfie,MacMeeking,amacmeeking67@g.co,3416916029,7 Express Place,8/14/2012,Activo
225,Kelly,Trineman,ktrineman68@com.com,8264452276,5 7th Plaza,10/29/2018,Inactivo
226,Delcine,Darrington,ddarrington69@prweb.com,2294349779,1936 Brown Road,12/12/2007,Activo
227,Ruby,Leadley,rleadley6a@economist.com,4561885709,56660 Roth Road,4/19/2009,Inactivo
228,Aloisia,Cino,acino6b@mit.edu,3077269163,00 Old Shore Trail,2/19/2011,Activo
229,Sher,Osbaldstone,sosbaldstone6c@bluehost.com,1304755024,87 Grover Center,7/29/2011,Inactivo
230,Preston,Rue,prue6d@cargocollective.com,5411625291,73030 Norway Maple Parkway,5/31/2015,Inactivo
231,Emlynne,Poltone,epoltone6e@acquirethisname.com,3665263065,2754 Dexter Circle,8/7/2018,Inactivo
232,Adi,Houson,ahouson6f@cbc.ca,7109155858,30353 Grover Lane,8/5/2010,Inactivo
233,Yalonda,Tenpenny,ytenpenny6g@yahoo.com,1134951402,526 Fremont Street,4/3/2021,Inactivo
234,Peg,Gove,pgove6h@unc.edu,2331416224,12936 Hollow Ridge Pass,4/18/2013,Activo
235,Sunny,Bunyan,sbunyan6i@dot.gov,1875145030,05 Forest Junction,6/9/2014,Activo
236,Travis,Nunns,tnunns6j@yellowpages.com,9275323405,13374 Mayfield Center,9/26/2011,Inactivo
237,Becky,Okie,bokie6k@google.pl,2132980533,3 Waywood Junction,8/16/2021,Activo
238,Suki,Davydoch,sdavydoch6l@weibo.com,7086069870,16377 Westport Road,11/27/2022,Inactivo
239,Olva,Scotchmor,oscotchmor6m@toplist.cz,3765634882,0 Debs Hill,12/11/2015,Inactivo
240,Waylon,Paumier,wpaumier6n@illinois.edu,4014726092,4 Lillian Court,3/24/2007,Inactivo
241,Artair,Pringuer,apringuer6o@intel.com,5653258302,64421 Hagan Junction,1/2/2008,Inactivo
242,Rachele,Jakubovicz,rjakubovicz6p@alexa.com,4842961577,327 Buena Vista Terrace,1/5/2017,Inactivo
243,Lacey,Mosdall,lmosdall6q@usa.gov,9149554041,88458 Troy Drive,12/22/2005,Activo
244,Emmery,Steckings,esteckings6r@ed.gov,8013976485,2798 Sugar Trail,5/2/2023,Inactivo
245,Corry,Haversham,chaversham6s@biblegateway.com,3446988199,63 Maryland Drive,2/10/2014,Activo
246,Jacquette,McPeck,jmcpeck6t@github.io,9057959025,02 Bartillon Hill,6/8/2015,Inactivo
247,Lorrie,Reinert,lreinert6u@free.fr,3338076065,93233 Rusk Drive,5/5/2005,Activo
248,Juan,Sommerfeld,jsommerfeld6v@163.com,1456375627,8204 Maywood Hill,6/29/2007,Inactivo
249,Benedicta,Cunradi,bcunradi6w@ebay.com,7029339909,7 Ramsey Crossing,1/6/2014,Inactivo
250,Elbertina,Mayze,emayze6x@tamu.edu,6314177188,9778 Northwestern Pass,9/21/2010,Activo
251,Coletta,Toma,ctoma6y@virginia.edu,4907963570,3 Emmet Point,4/15/2014,Activo
252,Arleta,Dallmann,adallmann6z@soundcloud.com,4717509621,105 Sloan Drive,7/11/2017,Activo
253,Si,Gude,sgude70@rambler.ru,2491293411,46130 Maple Wood Street,12/8/2014,Inactivo
254,Tawnya,Deere,tdeere71@ning.com,8786807321,0 Melby Point,9/13/2019,Inactivo
255,Brok,Hartburn,bhartburn72@fotki.com,5703961523,826 Sommers Trail,1/1/2016,Inactivo
256,Merna,McCullum,mmccullum73@webmd.com,8897183722,0 Sullivan Pass,7/5/2021,Activo
257,Magdaia,McQuaide,mmcquaide74@aboutads.info,8479248282,77 Novick Street,9/20/2021,Activo
258,Petey,Sarginson,psarginson75@tripadvisor.com,4226206056,1188 Springview Road,2/2/2006,Activo
259,Filippo,Hamper,fhamper76@privacy.gov.au,1547218536,00 Merrick Crossing,8/27/2010,Activo
260,Willette,Ormistone,wormistone77@arstechnica.com,3533582821,6 Ryan Hill,4/2/2023,Activo
261,Lutero,Serman,lserman78@instagram.com,8726220738,444 Barby Point,4/4/2025,Activo
262,Mufi,Lawranson,mlawranson79@vinaora.com,5371304474,0 Kingsford Hill,12/7/2018,Activo
263,Hermione,Kairns,hkairns7a@stanford.edu,5597219653,16 Red Cloud Parkway,6/7/2024,Activo
264,Leandra,Parish,lparish7b@odnoklassniki.ru,6883126863,9 Sundown Crossing,8/11/2008,Inactivo
265,Ulrick,Lambertini,ulambertini7c@symantec.com,2305920969,59377 Harbort Center,10/27/2020,Activo
266,Emelita,Caffery,ecaffery7d@ucla.edu,7064055929,39771 Elmside Crossing,8/31/2016,Activo
267,Georas,Borland,gborland7e@youtu.be,7494154579,7769 Charing Cross Drive,12/17/2016,Activo
268,Ingram,Crannis,icrannis7f@networkadvertising.org,3862837881,57 Toban Avenue,9/11/2013,Activo
269,Wendeline,Sushams,wsushams7g@imgur.com,2291044102,41 Main Alley,9/13/2010,Inactivo
270,Bartlet,Denacamp,bdenacamp7h@etsy.com,9055839037,0 Haas Lane,2/27/2017,Inactivo
271,Garnet,Swannick,gswannick7i@blogspot.com,2332227312,30 Ridgeview Street,10/16/2011,Activo
272,Danielle,Hounsom,dhounsom7j@noaa.gov,6448029954,1105 Kennedy Court,11/28/2006,Inactivo
273,Georgie,Ranklin,granklin7k@github.io,2622771914,6164 Toban Center,7/18/2014,Inactivo
274,Rosie,Duckham,rduckham7l@hostgator.com,7485476104,2237 Fisk Place,5/12/2024,Inactivo
275,Maddie,Balloch,mballoch7m@liveinternet.ru,6784746049,53597 Gale Street,6/23/2013,Activo
276,Wat,Wagstaffe,wwagstaffe7n@answers.com,8161983083,38 Manitowish Hill,5/23/2005,Inactivo
277,Eileen,Rowly,erowly7o@bandcamp.com,6552277005,49966 Sycamore Alley,4/29/2022,Inactivo
278,Emanuele,Nyssens,enyssens7p@europa.eu,7817799884,3 Doe Crossing Point,7/9/2024,Activo
279,Fara,Bocken,fbocken7q@seattletimes.com,7333845120,4 Lawn Pass,11/5/2022,Activo
280,Valaria,Seyler,vseyler7r@macromedia.com,8849582411,07 Nevada Way,1/20/2008,Activo
281,Burke,Fenix,bfenix7s@symantec.com,4281251625,5 Starling Plaza,2/1/2012,Inactivo
282,Angelo,Episcopi,aepiscopi7t@myspace.com,8902881916,56 Golf Course Point,10/1/2009,Inactivo
283,Madella,Berzons,mberzons7u@blogs.com,9189602620,364 Northfield Alley,11/11/2020,Activo
284,Mariya,Forbear,mforbear7v@ocn.ne.jp,9866830851,887 Farwell Circle,6/4/2019,Activo
285,Alphonse,Kinnaird,akinnaird7w@qq.com,6643961873,00340 Beilfuss Place,7/10/2014,Activo
286,Carol-jean,Leele,cleele7x@lycos.com,9431978047,8 Aberg Parkway,3/18/2007,Activo
287,Colan,Iacovides,ciacovides7y@t-online.de,6273865008,8348 Knutson Pass,7/26/2021,Activo
288,Tobit,Scapens,tscapens7z@google.ca,3084640407,69113 6th Alley,1/31/2012,Activo
289,Matty,Achromov,machromov80@google.pl,3843138902,34 West Way,10/24/2017,Activo
290,Sayer,Ryburn,sryburn81@comsenz.com,9051400296,013 Bluejay Court,2/14/2019,Inactivo
291,Maryjane,Sellors,msellors82@mashable.com,8966967729,387 Stone Corner Place,6/9/2009,Activo
292,Dynah,Bukowski,dbukowski83@i2i.jp,8738202284,4871 Russell Street,6/30/2015,Activo
293,Gwendolyn,Fominov,gfominov84@hugedomains.com,9418063097,0 Algoma Way,7/10/2018,Inactivo
294,Trisha,Walles,twalles85@utexas.edu,7149410501,46 Hanson Avenue,6/19/2011,Activo
295,Virginie,Blesdill,vblesdill86@slashdot.org,4094843024,90242 Anthes Park,4/24/2008,Activo
296,Alasteir,Beeke,abeeke87@livejournal.com,7225231369,73 Erie Pass,8/15/2024,Inactivo
297,Revkah,Balden,rbalden88@yellowbook.com,3435140550,59862 Mallard Park,2/10/2009,Inactivo
298,Malva,Hurworth,mhurworth89@e-recht24.de,6308449942,621 Prentice Street,9/18/2023,Activo
299,Suzanna,Mithon,smithon8a@chicagotribune.com,2297592679,804 Schlimgen Park,8/7/2016,Inactivo
300,Moyna,Bredes,mbredes8b@hexun.com,9199753232,64 Nobel Road,1/6/2013,Activo
301,Cynthia,Synan,csynan8c@trellian.com,5614879639,885 Thierer Crossing,5/17/2006,Activo
302,Ambur,Mantle,amantle8d@opera.com,6783379171,302 Cody Lane,10/24/2018,Inactivo
303,Roobbie,Sallter,rsallter8e@apple.com,1548721402,0090 Bobwhite Parkway,9/12/2014,Inactivo
304,Harlen,Nugent,hnugent8f@google.pl,8217085805,944 Mayer Parkway,1/4/2015,Activo
305,Tiena,Suter,tsuter8g@dedecms.com,9819805443,6 Mitchell Trail,1/26/2013,Inactivo
306,Bobinette,Standfield,bstandfield8h@imdb.com,6348546245,9738 Eliot Drive,10/31/2006,Activo
307,Anjela,Metzing,ametzing8i@youtu.be,6276394295,67 Grim Circle,7/22/2005,Activo
308,Ode,Lawler,olawler8j@hatena.ne.jp,6092650254,65 Victoria Parkway,3/22/2010,Activo
309,Gino,Ivermee,givermee8k@alibaba.com,4388098315,33378 Superior Point,9/15/2008,Activo
310,Monte,Gryglewski,mgryglewski8l@bravesites.com,4655748030,779 Ramsey Court,7/23/2013,Inactivo
311,Karlee,Mowle,kmowle8m@imdb.com,8573864332,3 Grim Hill,2/21/2011,Activo
312,Willie,Mathey,wmathey8n@over-blog.com,2904493316,48217 Sage Center,4/13/2016,Inactivo
313,Andie,Maryon,amaryon8o@printfriendly.com,8928692113,55 Jana Junction,6/22/2005,Inactivo
314,Phylys,Regitz,pregitz8p@msn.com,7412478456,711 Monterey Center,8/13/2019,Inactivo
315,Leann,McGilmartin,lmcgilmartin8q@typepad.com,3887980633,537 Cherokee Street,11/5/2020,Activo
316,Crystal,Druhan,cdruhan8r@edublogs.org,9075682521,71488 Helena Street,3/23/2024,Inactivo
317,Gillian,Londer,glonder8s@msu.edu,5915134714,80 Gateway Court,3/29/2025,Inactivo
318,Holli,Bugs,hbugs8t@google.com,6518484996,23 Shoshone Point,7/9/2024,Inactivo
319,Micheil,Kurtis,mkurtis8u@walmart.com,2536404527,8476 Karstens Terrace,8/13/2023,Inactivo
320,Carmela,Maroney,cmaroney8v@photobucket.com,9676554329,29 Porter Street,9/1/2021,Inactivo
321,Mamie,Potebury,mpotebury8w@plala.or.jp,7493240076,64 Forest Dale Avenue,7/23/2017,Activo
322,Gael,Pervew,gpervew8x@dmoz.org,4657577799,4 Melvin Drive,1/7/2018,Inactivo
323,Tommie,Jouhan,tjouhan8y@senate.gov,7299287614,527 John Wall Hill,10/29/2015,Activo
324,Dominique,Tulk,dtulk8z@webeden.co.uk,9555328435,1 Holy Cross Hill,12/30/2009,Inactivo
325,Hewett,Zealey,hzealey90@ameblo.jp,1381642788,793 Maple Avenue,2/14/2017,Activo
326,Giorgi,Von Helmholtz,gvonhelmholtz91@webmd.com,6906250483,872 Almo Pass,1/18/2017,Inactivo
327,Sloane,Kernes,skernes92@godaddy.com,9542504602,8395 Anthes Parkway,3/2/2015,Activo
328,Timmy,Jaukovic,tjaukovic93@vistaprint.com,6731843525,3 Grim Circle,9/7/2009,Activo
329,Mandie,Bruyett,mbruyett94@washington.edu,1429956548,207 Muir Point,5/24/2024,Inactivo
330,Elden,Davidovsky,edavidovsky95@last.fm,7853824437,03681 Scott Road,5/30/2017,Inactivo
331,Hinda,Jozwik,hjozwik96@walmart.com,7005069646,12 Debra Junction,5/29/2007,Inactivo
332,Maury,Stoggell,mstoggell97@admin.ch,1908921536,50874 Bashford Plaza,2/15/2019,Activo
333,Chrystel,Pash,cpash98@usatoday.com,7862668746,8159 Holy Cross Circle,5/2/2007,Activo
334,Ediva,Board,eboard99@prnewswire.com,8547319378,18132 Jay Way,1/29/2011,Activo
335,Austen,Sydry,asydry9a@yellowpages.com,7177746559,500 Daystar Drive,3/1/2021,Inactivo
336,Virgie,Yates,vyates9b@163.com,4038946590,98 Northview Parkway,3/26/2010,Inactivo
337,Lory,Pitchers,lpitchers9c@ycombinator.com,6746459524,35 Welch Street,1/7/2018,Inactivo
338,Algernon,Radbourne,aradbourne9d@google.es,1539773581,93 Butterfield Circle,2/5/2010,Inactivo
339,Tyrone,Dimmack,tdimmack9e@statcounter.com,5864556170,8487 American Ash Junction,9/15/2018,Activo
340,Hebert,Bartomeu,hbartomeu9f@hp.com,2812107724,96 Glacier Hill Drive,10/6/2023,Inactivo
341,Doll,Grimwad,dgrimwad9g@netlog.com,6647300303,3 Northridge Junction,10/7/2014,Inactivo
342,Agnes,Roots,aroots9h@exblog.jp,3344092742,969 Leroy Hill,5/14/2008,Inactivo
343,Daisy,Mattingson,dmattingson9i@quantcast.com,2648065464,95802 La Follette Hill,9/14/2012,Inactivo
344,Rolph,Inglese,ringlese9j@blogger.com,3281523619,8840 Loftsgordon Pass,3/28/2010,Activo
345,Alexio,Lindeboom,alindeboom9k@omniture.com,9417700362,94639 Corben Center,1/30/2010,Activo
346,Moritz,Martinez,mmartinez9l@mail.ru,4369613238,05 Ramsey Pass,7/26/2010,Inactivo
347,Terri,Elles,telles9m@un.org,2742592921,4 Bonner Hill,1/11/2024,Inactivo
348,Ermengarde,Paschke,epaschke9n@arstechnica.com,6553995809,5778 Victoria Trail,4/17/2021,Inactivo
349,Wylie,Ridd,wridd9o@apache.org,2692312771,022 Lindbergh Plaza,5/15/2005,Inactivo
350,Ches,Choudhury,cchoudhury9p@people.com.cn,1186608006,3 Mosinee Hill,2/24/2022,Activo
351,Sharona,Bransden,sbransden9q@google.fr,8103348642,3053 Ruskin Terrace,7/10/2021,Inactivo
352,Dru,Doyle,ddoyle9r@guardian.co.uk,1229374041,45252 Sunbrook Pass,4/14/2022,Activo
353,Bethena,Robeson,brobeson9s@google.co.uk,7242463303,74584 Caliangt Pass,7/25/2021,Activo
354,Hermon,Oger,hoger9t@macromedia.com,5969854309,0 Vidon Court,3/24/2020,Activo
355,Ambrosius,Hunter,ahunter9u@yolasite.com,7123503494,08 Wayridge Pass,1/28/2021,Activo
356,Maxwell,Veljes,mveljes9v@sitemeter.com,2694010864,75314 Prairie Rose Court,11/15/2015,Inactivo
357,Rudiger,Crone,rcrone9w@a8.net,9605503869,37 Bluestem Pass,10/1/2015,Inactivo
358,Harrison,Stannering,hstannering9x@cam.ac.uk,4802727098,81 Toban Crossing,10/18/2005,Inactivo
359,Kenon,Alexsandrovich,kalexsandrovich9y@un.org,7519193926,734 Ridgeway Circle,11/12/2009,Inactivo
360,Isidor,Sillitoe,isillitoe9z@amazon.co.jp,1617236504,1484 Judy Lane,5/6/2005,Inactivo
361,Dallon,Teare,dtearea0@comsenz.com,6425894319,4365 Welch Lane,1/22/2023,Inactivo
362,Lena,Brompton,lbromptona1@hhs.gov,9121884387,4 Golden Leaf Avenue,11/24/2017,Inactivo
363,Norby,Iwanczyk,niwanczyka2@smh.com.au,5317129987,65384 Mendota Drive,12/26/2019,Inactivo
364,Faye,Donke,fdonkea3@sphinn.com,4835882937,5 Daystar Plaza,9/2/2008,Activo
365,Franciskus,Hayden,fhaydena4@google.ru,8154412006,5051 Claremont Way,6/28/2019,Activo
366,Marve,McIlhone,mmcilhonea5@engadget.com,9817530758,1284 Hovde Pass,3/11/2022,Inactivo
367,Bayard,Howton,bhowtona6@so-net.ne.jp,9019455038,281 Fuller Way,7/14/2008,Inactivo
368,Emlynn,Broadhurst,ebroadhursta7@clickbank.net,3998513285,2 Cambridge Trail,5/13/2015,Inactivo
369,Dannye,Fears,dfearsa8@icio.us,4886430585,271 Shopko Way,2/21/2010,Inactivo
370,Letty,Lett,lletta9@buzzfeed.com,8883970814,26 Lakewood Avenue,4/3/2012,Activo
371,Maximilien,Grayham,mgrayhamaa@dailymail.co.uk,8571759515,726 Hanson Crossing,12/10/2006,Activo
372,Kalvin,O'Neary,konearyab@usnews.com,2071012370,72 Jay Park,3/15/2024,Inactivo
373,Alexis,Maunder,amaunderac@123-reg.co.uk,2136789097,69 Summer Ridge Center,4/1/2016,Activo
374,Sonnie,Pergens,spergensad@techcrunch.com,3866157625,82 Schurz Circle,3/19/2006,Activo
375,Michelle,Lindhe,mlindheae@dailymail.co.uk,3916908015,91483 Sherman Junction,9/12/2016,Inactivo
376,Vilhelmina,Dabrowski,vdabrowskiaf@hc360.com,9565649970,05 Hooker Plaza,1/4/2021,Inactivo
377,Kain,MacKnockiter,kmacknockiterag@scribd.com,2911172095,848 Milwaukee Center,8/30/2014,Inactivo
378,Alejoa,Ostridge,aostridgeah@bloomberg.com,3324832397,09 Artisan Center,1/8/2011,Activo
379,Corny,Burtwell,cburtwellai@answers.com,6615509296,6 Loftsgordon Center,6/3/2017,Activo
380,Jorry,Leguay,jleguayaj@tripadvisor.com,9596319728,74 Lawn Junction,12/1/2020,Activo
381,Gregg,Ruggen,gruggenak@yale.edu,4214956919,0336 Havey Avenue,9/13/2009,Activo
382,Eduino,Whittington,ewhittingtonal@yahoo.com,3731311797,17 Kinsman Junction,12/11/2011,Inactivo
383,Candra,Bockett,cbockettam@un.org,8169538201,1 Erie Circle,10/31/2010,Activo
384,Raimondo,Halewood,rhalewoodan@myspace.com,9004941109,39 Esch Crossing,7/27/2005,Activo
385,Roxi,Pimbley,rpimbleyao@plala.or.jp,4619860524,44 Morningstar Hill,8/30/2022,Activo
386,Lock,Stribling,lstriblingap@cyberchimps.com,9149404826,670 Esker Trail,5/29/2009,Activo
387,Federico,Wyard,fwyardaq@reference.com,8822303742,4 Melvin Terrace,10/7/2012,Inactivo
388,Annie,Griffithe,agriffithear@bandcamp.com,9522503945,837 Nevada Junction,12/31/2023,Activo
389,Ginnifer,Stanistrete,gstanistreteas@reuters.com,2855250212,724 Schurz Circle,4/17/2021,Activo
390,Sheff,Rault,sraultat@uiuc.edu,1185631577,4 Meadow Vale Drive,4/6/2009,Inactivo
391,Shurwood,Craigg,scraiggau@cornell.edu,9333586256,3476 Melby Crossing,7/4/2006,Inactivo
392,Garreth,Neely,gneelyav@shareasale.com,1557658111,2037 1st Court,11/14/2019,Inactivo
393,Janelle,Cranstoun,jcranstounaw@cafepress.com,3696826993,92 Portage Crossing,7/23/2017,Inactivo
394,Cherilynn,MacMenamy,cmacmenamyax@unc.edu,6321386694,8 Maple Wood Alley,4/9/2006,Activo
395,Gayel,Menlove,gmenloveay@icio.us,1117354577,7491 Brickson Park Road,7/13/2015,Inactivo
396,Laure,Gwilt,lgwiltaz@360.cn,6922690744,688 Spohn Crossing,10/16/2019,Inactivo
397,Leonora,Brinkworth,lbrinkworthb0@indiatimes.com,4129526710,89 Blaine Alley,7/2/2020,Inactivo
398,Greta,Petruszka,gpetruszkab1@loc.gov,9268804088,44 Quincy Road,6/1/2018,Activo
399,Bendicty,Lewsey,blewseyb2@hatena.ne.jp,2904381216,3 Manufacturers Crossing,7/4/2019,Activo
400,Andy,Moulden,amouldenb3@e-recht24.de,1484928737,170 Northridge Junction,8/16/2020,Inactivo
401,Ethelyn,Strike,estrikeb4@usnews.com,8225745576,3 Rutledge Court,1/21/2017,Inactivo
402,Demetrius,Coppledike,dcoppledikeb5@uiuc.edu,8568251537,1323 Hoepker Park,2/19/2021,Inactivo
403,Elsinore,Jorck,ejorckb6@umn.edu,5813272917,15 Merry Plaza,4/17/2017,Activo
404,Kimberlyn,Wace,kwaceb7@123-reg.co.uk,4011821173,5 Jana Center,4/26/2011,Inactivo
405,Lauren,Kitt,lkittb8@wordpress.com,4712123831,56330 Anhalt Park,2/16/2022,Activo
406,Josselyn,Drohane,jdrohaneb9@virginia.edu,8245052524,3892 Colorado Point,9/30/2023,Inactivo
407,Valera,Mariault,vmariaultba@google.co.jp,5304817439,940 Kedzie Junction,7/29/2006,Activo
408,Kelley,Brookzie,kbrookziebb@edublogs.org,7488715159,9 Haas Park,7/6/2015,Inactivo
409,Tallia,Muggleston,tmugglestonbc@dropbox.com,9332099609,8456 Westerfield Street,6/11/2023,Inactivo
410,Kit,Chattaway,kchattawaybd@sciencedaily.com,3076720813,54 Miller Parkway,2/18/2015,Activo
411,Wandis,Deverick,wdeverickbe@arstechnica.com,5741531736,1 Johnson Court,10/22/2018,Activo
412,Adrea,Canavan,acanavanbf@disqus.com,2717116719,2037 Barby Point,5/14/2017,Inactivo
413,Ariela,Tunnock,atunnockbg@linkedin.com,5868656487,2 Steensland Pass,6/8/2012,Inactivo
414,Brigg,Garvagh,bgarvaghbh@state.tx.us,4583739157,3 Blue Bill Park Drive,3/5/2009,Inactivo
415,Sidoney,McPartling,smcpartlingbi@desdev.cn,5733090059,0805 Melody Park,6/18/2022,Activo
416,Dot,Rosenqvist,drosenqvistbj@spotify.com,8662611339,7260 Park Meadow Street,12/24/2006,Activo
417,Kiah,Tooze,ktoozebk@blogger.com,8443579579,68 Gale Road,10/5/2017,Inactivo
418,Itch,Hollindale,ihollindalebl@deliciousdays.com,8319199140,0 Green Drive,2/15/2021,Inactivo
419,Brantley,Davidoff,bdavidoffbm@phpbb.com,5904495420,411 Ludington Plaza,4/2/2014,Inactivo
420,Claudine,Elrick,celrickbn@github.io,7371698917,83948 Corscot Point,7/1/2018,Activo
421,Ellette,Skurm,eskurmbo@multiply.com,9727477217,2676 Canary Street,8/13/2021,Inactivo
422,Tyson,Karpf,tkarpfbp@tamu.edu,9148648765,02 Leroy Court,8/17/2021,Inactivo
423,Collen,Pocklington,cpocklingtonbq@google.de,6259271260,40122 Bayside Point,11/4/2017,Inactivo
424,Jeannie,Skitch,jskitchbr@tmall.com,5405060932,32130 Leroy Circle,12/5/2021,Activo
425,Kacy,Avrahamian,kavrahamianbs@alibaba.com,1222170997,250 Sherman Hill,2/23/2020,Inactivo
426,Hulda,Gudge,hgudgebt@hao123.com,7971747237,214 Talisman Circle,6/9/2021,Activo
427,Austine,Mintrim,amintrimbu@goo.ne.jp,2401969415,525 Elmside Road,11/11/2006,Activo
428,Elyse,Hammon,ehammonbv@cloudflare.com,2165814400,9 Starling Circle,8/23/2017,Inactivo
429,Stanislas,Nosworthy,snosworthybw@123-reg.co.uk,5404505661,747 Grover Lane,11/21/2015,Inactivo
430,Babita,Blazi,bblazibx@engadget.com,3788787881,9 Bonner Plaza,6/6/2018,Activo
431,Ebenezer,Scambler,escamblerby@google.ru,7726081655,75792 Annamark Plaza,12/31/2009,Inactivo
432,Maximo,Cudiff,mcudiffbz@dagondesign.com,4105362242,3120 Bonner Alley,7/14/2019,Inactivo
433,Roi,Myrtle,rmyrtlec0@meetup.com,8903998526,990 Cardinal Alley,8/11/2019,Activo
434,Jeana,Del Dello,jdeldelloc1@seesaa.net,1778529865,1 Hanson Hill,12/10/2005,Activo
435,Leicester,Wardhough,lwardhoughc2@theatlantic.com,8788575856,3992 Moose Way,4/2/2018,Activo
436,Tarrance,Cecil,tcecilc3@census.gov,6529732781,82 Hanson Plaza,6/10/2024,Inactivo
437,Vanya,Tregiddo,vtregiddoc4@amazon.com,4863493713,35 Artisan Crossing,3/16/2012,Inactivo
438,Rebekkah,Sach,rsachc5@usnews.com,6512146482,14592 Longview Alley,4/10/2025,Activo
439,Sofie,Wethey,swetheyc6@baidu.com,3297190534,97976 Corscot Park,4/24/2023,Activo
440,Jervis,O' Borne,jobornec7@discuz.net,8979751296,4 Maple Junction,5/5/2018,Inactivo
441,Brody,Maryet,bmaryetc8@com.com,6064024921,12 Dottie Alley,11/21/2012,Activo
442,Felice,Croser,fcroserc9@oakley.com,6487266747,826 Declaration Alley,5/28/2011,Activo
443,Demetra,Janc,djancca@myspace.com,1178399724,79928 Mosinee Point,8/26/2013,Activo
444,Rodney,Cluett,rcluettcb@nih.gov,5563270315,315 Moland Crossing,1/30/2011,Activo
445,Carolann,Durrant,cdurrantcc@wp.com,1791078771,73582 Saint Paul Avenue,6/30/2021,Inactivo
446,Web,Sidgwick,wsidgwickcd@live.com,6445823761,43 Amoth Lane,1/14/2016,Activo
447,Joann,Barnewell,jbarnewellce@samsung.com,5205246797,8258 Ronald Regan Avenue,9/21/2012,Activo
448,Bernetta,Cuckson,bcucksoncf@hibu.com,9398957403,1 Jenifer Crossing,11/17/2010,Inactivo
449,Curran,Gibbings,cgibbingscg@google.com.br,6991736941,05 Sunbrook Road,6/17/2019,Activo
450,Morley,Bernaciak,mbernaciakch@wisc.edu,3916570580,1 Ridge Oak Parkway,1/4/2023,Activo
451,Felicity,Crocker,fcrockerci@biglobe.ne.jp,8932141440,427 Dovetail Park,10/7/2011,Inactivo
452,Katey,Letterese,kletteresecj@nps.gov,8966185170,114 Commercial Pass,8/15/2007,Activo
453,Craig,Shwenn,cshwennck@sciencedaily.com,9484945278,9 Talisman Place,8/6/2013,Activo
454,Inesita,Haspineall,ihaspineallcl@yellowpages.com,7039842598,93 Mcbride Way,7/23/2012,Activo
455,Kimberlyn,Snalom,ksnalomcm@123-reg.co.uk,4873593524,3 Luster Parkway,5/24/2021,Activo
456,Abra,Ganiford,aganifordcn@artisteer.com,3012521168,03350 Parkside Road,11/25/2016,Activo
457,Amargo,McGall,amcgallco@wordpress.com,5626438900,63372 Lake View Parkway,10/14/2008,Inactivo
458,Juliette,Patkin,jpatkincp@purevolume.com,3447634719,1 Daystar Alley,1/5/2012,Activo
459,Addie,Fri,africq@ebay.co.uk,5533750428,7240 Kim Center,5/17/2009,Activo
460,Abra,Breach,abreachcr@tripod.com,8183840735,5 Graceland Avenue,5/23/2011,Activo
461,Leda,Hudd,lhuddcs@columbia.edu,3765875172,954 Cambridge Terrace,9/9/2018,Inactivo
462,Tally,Gonnin,tgonninct@nbcnews.com,9162685913,5061 Holmberg Pass,8/30/2013,Inactivo
463,Marta,Riche,mrichecu@issuu.com,2986066548,52 Schiller Court,3/23/2007,Inactivo
464,Darleen,Easthope,deasthopecv@pen.io,2473505666,786 Mitchell Drive,3/15/2021,Inactivo
465,Aymer,McGready,amcgreadycw@ca.gov,4805190521,2 Browning Court,3/30/2009,Inactivo
466,Iseabal,Gettone,igettonecx@admin.ch,2081678450,47 Canary Road,11/24/2020,Inactivo
467,Billie,Astle,bastlecy@biglobe.ne.jp,9709219338,572 Crest Line Parkway,12/3/2020,Inactivo
468,Duff,Mound,dmoundcz@e-recht24.de,5027072102,569 Stuart Road,4/8/2011,Activo
469,Darell,Yaxley,dyaxleyd0@ebay.com,7605285497,2 Kings Hill,9/24/2013,Activo
470,Leela,Andrzej,landrzejd1@squarespace.com,7502835752,680 Londonderry Parkway,5/5/2019,Inactivo
471,Reynard,Sidwell,rsidwelld2@apple.com,4848204820,9 Sachtjen Pass,4/26/2018,Activo
472,Katie,Ankers,kankersd3@oaic.gov.au,6733466867,8781 Surrey Crossing,2/26/2008,Activo
473,Trixy,Hadgkiss,thadgkissd4@chronoengine.com,5741711216,95502 Knutson Drive,12/8/2017,Activo
474,Georges,Cromly,gcromlyd5@about.com,9465230215,98 Goodland Way,12/7/2005,Activo
475,Kimble,Reekie,kreekied6@ucoz.com,5303599210,61367 Almo Point,9/15/2018,Inactivo
476,Perl,Gloster,pglosterd7@yellowpages.com,2504015139,252 Springview Way,7/19/2017,Inactivo
477,Crystal,Savary,csavaryd8@bbc.co.uk,5518611775,13412 Johnson Court,11/24/2013,Inactivo
478,Virge,Kaemena,vkaemenad9@telegraph.co.uk,4833243677,8 Buell Court,11/28/2014,Inactivo
479,Kelly,Grinnov,kgrinnovda@engadget.com,1639104956,4184 Waywood Pass,5/31/2015,Activo
480,Ralph,Rome,rromedb@bravesites.com,3477705256,82 Darwin Drive,4/27/2012,Activo
481,Kirbee,Ambrosoli,kambrosolidc@mit.edu,3867172759,41577 Forest Run Circle,8/24/2022,Activo
482,Pooh,Coger,pcogerdd@clickbank.net,3179030067,56808 Cardinal Avenue,1/1/2023,Activo
483,Elset,Pearlman,epearlmande@booking.com,2424564196,9 Crowley Avenue,1/18/2019,Inactivo
484,Madlen,McQuorkell,mmcquorkelldf@buzzfeed.com,6021513226,810 Armistice Parkway,9/8/2018,Inactivo
485,Whittaker,Zoephel,wzoepheldg@addthis.com,4014297076,614 Goodland Drive,2/16/2019,Activo
486,Carla,Strain,cstraindh@pcworld.com,6211813870,8361 Clove Pass,5/10/2011,Inactivo
487,Estell,Ollin,eollindi@boston.com,2868272716,9 Bellgrove Park,3/15/2010,Activo
488,Renell,Erwin,rerwindj@mac.com,5911173732,9 Holy Cross Way,11/13/2023,Inactivo
489,Caldwell,Autry,cautrydk@reference.com,3917606977,65 Morrow Place,10/1/2009,Activo
490,Delcina,Rosenbusch,drosenbuschdl@nationalgeographic.com,8038072110,2 Portage Circle,7/16/2023,Activo
491,Rochette,Rubinfajn,rrubinfajndm@istockphoto.com,7627518534,67965 Daystar Plaza,12/10/2012,Inactivo
492,Kearney,Rickerd,krickerddn@drupal.org,7717354127,83167 Hanover Court,4/2/2013,Inactivo
493,Hans,Petroff,hpetroffdo@ehow.com,2311834724,579 Fairview Terrace,7/14/2010,Activo
494,Tonia,Hearl,thearldp@who.int,5318101413,1854 Utah Junction,9/7/2023,Activo
495,Katrine,Punton,kpuntondq@netlog.com,6103692042,4556 Northwestern Lane,10/14/2021,Inactivo
496,Catlaina,Kearford,ckearforddr@acquirethisname.com,7883572751,6732 Sommers Trail,12/8/2013,Activo
497,Gabe,Parkman,gparkmands@mlb.com,2334718249,4 Main Alley,1/14/2020,Activo
498,Amitie,Allwood,aallwooddt@blogger.com,6927122591,06 Bartillon Avenue,3/7/2016,Inactivo
499,Colly,Jaffray,cjaffraydu@ft.com,2131026022,2 Merchant Circle,5/27/2018,Inactivo
500,Christyna,McNuff,cmcnuffdv@joomla.org,1329233977,7581 Roth Plaza,9/4/2006,Inactivo
501,Hanny,Mardling,hmardlingdw@homestead.com,5784731657,07 Memorial Pass,11/8/2008,Inactivo
502,Ikey,Ollerhad,iollerhaddx@cisco.com,9163543357,4289 Drewry Trail,5/14/2024,Activo
503,Anstice,Purdie,apurdiedy@technorati.com,2283753247,384 Lien Point,5/1/2008,Activo
504,Thoma,Slyford,tslyforddz@va.gov,5977177647,7133 Union Junction,8/22/2014,Inactivo
505,Lacie,Gomersal,lgomersale0@cafepress.com,3857428918,01575 Summer Ridge Crossing,12/4/2017,Inactivo
506,Rodney,Rudderham,rrudderhame1@berkeley.edu,6291597191,359 Oak Valley Center,5/15/2006,Activo
507,Hilarius,Oldershaw,holdershawe2@engadget.com,6422102728,26 Lyons Point,1/22/2021,Inactivo
508,Roth,Filipic,rfilipice3@purevolume.com,6182363680,27 Dryden Crossing,3/30/2013,Activo
509,Oswell,Vowell,ovowelle4@123-reg.co.uk,9681471235,213 Talmadge Hill,1/17/2008,Activo
510,Guilbert,Champain,gchampaine5@mysql.com,2675311140,349 Montana Plaza,10/2/2007,Activo
511,Robb,McClaurie,rmcclauriee6@themeforest.net,7744517311,31922 Packers Lane,3/12/2013,Activo
512,Malachi,Beverley,mbeverleye7@alibaba.com,1511358030,51705 Dorton Avenue,3/14/2019,Activo
513,Evonne,Martinec,emartinece8@sun.com,8884063601,539 Declaration Avenue,5/27/2010,Activo
514,Vida,Cudmore,vcudmoree9@soup.io,1042043867,8814 Fairfield Plaza,9/9/2016,Activo
515,Yasmeen,St Leger,ystlegerea@bing.com,8126886319,2 David Alley,7/20/2019,Activo
516,Lisha,Wrightham,lwrighthameb@mayoclinic.com,1186929010,7 Alpine Parkway,8/27/2011,Inactivo
517,Sheeree,Erett,serettec@symantec.com,6364233366,434 Maywood Drive,9/8/2006,Activo
518,Dallon,Yourell,dyourelled@oracle.com,6028755720,91 Heath Pass,10/14/2019,Activo
519,Isidor,Rosewarne,irosewarneee@gnu.org,5363545355,49 Division Street,8/21/2006,Activo
520,Ritchie,Tale,rtaleef@goodreads.com,9698018339,939 Washington Lane,4/1/2008,Activo
521,Allistir,Emmines,aemmineseg@webnode.com,3567315372,9 Moose Center,10/17/2014,Inactivo
522,Dietrich,Hestrop,dhestropeh@sfgate.com,6439371482,036 Muir Road,12/9/2011,Activo
523,Theresita,Pigden,tpigdenei@utexas.edu,4329006486,794 Oakridge Court,2/11/2020,Inactivo
524,Tova,Valentin,tvalentinej@arizona.edu,2254651858,9155 Parkside Terrace,6/19/2011,Inactivo
525,Chelsae,Hagston,chagstonek@ftc.gov,2395251507,75 Bobwhite Avenue,9/3/2012,Activo
526,Mable,Cinelli,mcinelliel@symantec.com,7022863591,0259 Memorial Park,8/12/2006,Inactivo
527,Florenza,Koenen,fkoenenem@php.net,3203320688,96 Autumn Leaf Place,5/20/2019,Inactivo
528,Joanne,Braybrooke,jbraybrookeen@lycos.com,7207743737,9 Crowley Way,11/25/2020,Inactivo
529,Stewart,Eilers,seilerseo@sbwire.com,5873615199,00 Logan Circle,12/6/2021,Inactivo
530,Tom,MacFall,tmacfallep@digg.com,4881879058,436 Bultman Avenue,2/13/2012,Inactivo
531,Daisy,Arstingall,darstingalleq@opensource.org,8068566966,53 Sachtjen Court,6/3/2023,Inactivo
532,Selinda,Rigney,srigneyer@linkedin.com,4463460985,4 Grasskamp Trail,1/16/2013,Activo
533,Hollis,Ashby,hashbyes@ebay.co.uk,3467616417,3 Petterle Road,3/20/2018,Inactivo
534,Dotti,Innocent,dinnocentet@godaddy.com,6692572097,81 Loftsgordon Center,12/21/2007,Activo
535,Fidelio,Guitte,fguitteeu@prlog.org,3231265431,66678 Scofield Trail,5/31/2015,Activo
536,Pierce,Covell,pcovellev@wiley.com,8249272586,37946 Upham Lane,7/22/2015,Inactivo
537,Emmery,Treadger,etreadgerew@dmoz.org,1375507269,98974 Hovde Plaza,10/3/2010,Inactivo
538,Jodie,Scarman,jscarmanex@theglobeandmail.com,6852036418,51454 Troy Parkway,8/16/2015,Activo
539,Zita,Markel,zmarkeley@ed.gov,9835278078,6754 Armistice Hill,4/21/2021,Activo
540,Egor,Rippingall,erippingallez@slate.com,1838443261,6002 Lake View Trail,5/28/2014,Inactivo
541,Dolorita,Aluard,daluardf0@naver.com,3311636052,08 Moose Junction,2/14/2011,Activo
542,Adel,Hennington,ahenningtonf1@usnews.com,6006275490,1362 Raven Place,12/2/2019,Inactivo
543,Valli,Trass,vtrassf2@arstechnica.com,9239081687,28961 Scott Lane,10/4/2019,Activo
544,Fran,Isacoff,fisacofff3@dailymotion.com,4852820275,473 Debra Lane,1/16/2007,Inactivo
545,Phylys,Wattins,pwattinsf4@apache.org,6455198960,1 Corry Junction,12/30/2013,Activo
546,Riccardo,Boobier,rboobierf5@constantcontact.com,4117010171,4 Portage Avenue,5/22/2016,Activo
547,Arnoldo,Dalling,adallingf6@apple.com,9696062932,61 South Terrace,5/7/2015,Inactivo
548,Dita,Massimo,dmassimof7@admin.ch,5871352937,6 Aberg Lane,5/12/2008,Activo
549,Keven,Ride,kridef8@washingtonpost.com,1789330858,236 Maywood Place,8/9/2006,Inactivo
550,Dorella,Maccari,dmaccarif9@a8.net,7739401357,503 Independence Road,9/28/2008,Activo
551,Tobiah,Brounfield,tbrounfieldfa@desdev.cn,1636070468,66997 Pankratz Street,9/25/2021,Activo
552,Malory,McKague,mmckaguefb@wix.com,8163765258,707 Corscot Plaza,5/5/2011,Activo
553,Moselle,McQuirk,mmcquirkfc@springer.com,9151366248,37 Hanson Alley,12/14/2007,Activo
554,Todd,Gianneschi,tgianneschifd@squidoo.com,8486386037,437 Merchant Avenue,8/18/2009,Inactivo
555,Brendin,Gammon,bgammonfe@nifty.com,6673082185,57 Meadow Valley Terrace,12/4/2012,Activo
556,Raye,Redfearn,rredfearnff@loc.gov,7207769260,091 Park Meadow Court,1/10/2025,Activo
557,Charita,Standley,cstandleyfg@latimes.com,1199812074,7 Melvin Junction,12/11/2011,Inactivo
558,Sibylle,Harsum,sharsumfh@dedecms.com,4453112379,1137 Cordelia Plaza,10/30/2024,Activo
559,Kris,Banfill,kbanfillfi@thetimes.co.uk,4011144117,18 Pennsylvania Hill,12/8/2005,Inactivo
560,Gregory,Abthorpe,gabthorpefj@smugmug.com,2188318886,90950 Cherokee Point,10/13/2012,Inactivo
561,Maris,Vasenin,mvaseninfk@weebly.com,1743213964,74 Sunfield Drive,1/8/2020,Activo
562,Ringo,Belvard,rbelvardfl@etsy.com,1267011061,9 Center Street,9/25/2021,Inactivo
563,Rosemonde,Natwick,rnatwickfm@newsvine.com,9188107589,143 Ridgeview Circle,11/25/2022,Inactivo
564,Jefferson,Casini,jcasinifn@ehow.com,1166902119,73094 Continental Road,10/11/2010,Inactivo
565,Chev,De Giorgis,cdegiorgisfo@theglobeandmail.com,9412019618,70085 Luster Drive,1/7/2021,Activo
566,Livy,Seres,lseresfp@admin.ch,1076180470,81 Stang Place,12/25/2009,Activo
567,Tatiania,Dunton,tduntonfq@census.gov,3814332662,8 Emmet Way,6/25/2012,Inactivo
568,Matilde,Geelan,mgeelanfr@nydailynews.com,1729297814,10 Clarendon Junction,11/19/2014,Inactivo
569,Marijn,Balden,mbaldenfs@tinypic.com,1531291530,83 Bluejay Place,5/15/2021,Activo
570,Nicolette,Oppy,noppyft@techcrunch.com,4424637588,4874 Valley Edge Place,2/4/2011,Activo
571,Donalt,Winser,dwinserfu@cornell.edu,4524401730,14087 Pepper Wood Terrace,1/5/2013,Activo
572,Ennis,Nelsen,enelsenfv@java.com,3925572221,090 Toban Terrace,9/23/2013,Activo
573,Kimball,Gavigan,kgaviganfw@discovery.com,8288453968,7 Erie Junction,10/30/2009,Inactivo
574,Zackariah,Ruecastle,zruecastlefx@vimeo.com,3608183839,3520 Grover Circle,3/12/2015,Inactivo
575,Shane,Vasilik,svasilikfy@google.es,7602583381,1112 Macpherson Place,7/22/2010,Activo
576,Pippy,Trazzi,ptrazzifz@irs.gov,1024431686,80 Surrey Way,2/21/2018,Inactivo
577,Francesca,Masterton,fmastertong0@jalbum.net,8768485259,33 Marquette Road,3/25/2022,Inactivo
578,Leeanne,Balfe,lbalfeg1@mashable.com,6564938066,14 Thierer Point,6/27/2008,Inactivo
579,Wilfrid,Crisp,wcrispg2@amazon.co.jp,3179427660,96893 Hudson Way,1/30/2021,Activo
580,Brandice,Norridge,bnorridgeg3@nydailynews.com,1148908311,33928 Starling Court,4/18/2013,Inactivo
581,Ernie,Burtonwood,eburtonwoodg4@freewebs.com,2395730688,17 Bayside Court,11/14/2005,Activo
582,Ysabel,Dreinan,ydreinang5@biglobe.ne.jp,4405387855,9 Bashford Alley,7/4/2023,Activo
583,Brion,Dukesbury,bdukesburyg6@gov.uk,1707596803,56 Mosinee Alley,7/8/2024,Inactivo
584,Cash,Eustis,ceustisg7@creativecommons.org,2124905514,68 Cambridge Terrace,6/23/2019,Activo
585,Barth,Tregidga,btregidgag8@disqus.com,8733036346,5 Schlimgen Lane,11/3/2008,Activo
586,Charmain,Hake,chakeg9@jigsy.com,2422421289,9 Debra Lane,9/4/2008,Inactivo
587,Ignacio,MacVay,imacvayga@live.com,6644779040,56592 American Ash Way,8/26/2005,Inactivo
588,Hal,Wotherspoon,hwotherspoongb@sciencedaily.com,6073749466,7969 Pawling Alley,8/17/2007,Activo
589,Griswold,Beecraft,gbeecraftgc@reference.com,8578857489,54 Thompson Road,10/11/2010,Activo
590,Aurora,Guymer,aguymergd@furl.net,1387239466,7276 Holy Cross Hill,7/2/2010,Activo
591,Ashley,Surman-Wells,asurmanwellsge@yellowbook.com,6379399437,4 Chive Crossing,9/23/2016,Inactivo
592,Joelynn,Stiling,jstilinggf@cafepress.com,4291810320,23 Chive Circle,5/23/2005,Inactivo
593,Collen,Lear,cleargg@flickr.com,8403340184,3069 Porter Way,4/16/2025,Activo
594,Melany,Mabbitt,mmabbittgh@t-online.de,9263745445,491 Thompson Point,12/21/2014,Activo
595,Inglis,Jessel,ijesselgi@flickr.com,9008273455,9537 Stoughton Hill,7/11/2005,Activo
596,Chrissy,Rapp,crappgj@yellowpages.com,3334275561,6630 Meadow Valley Lane,4/18/2018,Inactivo
597,Margot,Hullin,mhullingk@purevolume.com,2189126104,69218 Dorton Center,7/3/2024,Activo
598,Conchita,Boliver,cbolivergl@indiegogo.com,2435562586,4982 Spaight Trail,5/17/2024,Inactivo
599,Janith,Sexton,jsextongm@princeton.edu,4605753175,872 Memorial Center,11/23/2013,Activo
600,Avery,Faier,afaiergn@wired.com,1908577502,498 Melody Crossing,3/1/2011,Inactivo
601,Pieter,Miere,pmierego@wiley.com,3592118444,3876 Lakeland Plaza,2/17/2006,Activo
602,Emera,Bruckmann,ebruckmanngp@behance.net,6195239078,6759 Duke Point,1/16/2017,Inactivo
603,Shay,Lowdyane,slowdyanegq@artisteer.com,6392462242,2048 Raven Hill,9/17/2019,Activo
604,Nap,Rowlands,nrowlandsgr@edublogs.org,4727683456,9 Wayridge Parkway,4/15/2016,Activo
605,Valeda,Commucci,vcommuccigs@statcounter.com,4671184085,5173 Kingsford Hill,1/13/2014,Inactivo
606,Annecorinne,Ciobutaro,aciobutarogt@delicious.com,4141183007,41203 Carey Lane,5/17/2020,Activo
607,Violante,Gerrit,vgerritgu@buzzfeed.com,2334181174,8 Old Gate Terrace,11/27/2023,Activo
608,Luis,MacAlpine,lmacalpinegv@apache.org,5819990055,39 Trailsway Pass,11/19/2024,Inactivo
609,Van,Lambie,vlambiegw@mapquest.com,2026655698,16649 Dixon Road,5/19/2022,Inactivo
610,Reese,Palfrey,rpalfreygx@geocities.com,7985268598,00402 Hayes Place,7/24/2009,Activo
611,Ortensia,Drews,odrewsgy@php.net,7188641001,51 Oak Valley Way,12/9/2018,Inactivo
612,Tamarah,Nevitt,tnevittgz@fema.gov,6513592939,47 Onsgard Street,10/18/2010,Inactivo
613,Katerine,Arckoll,karckollh0@mysql.com,2585964702,1262 Sheridan Trail,12/10/2006,Inactivo
614,Drew,Zumbusch,dzumbuschh1@miibeian.gov.cn,6935001370,8 Crownhardt Alley,8/4/2013,Inactivo
615,Igor,Zisneros,izisnerosh2@mayoclinic.com,6155852591,04 Blackbird Way,7/17/2016,Activo
616,Bathsheba,Callicott,bcallicotth3@last.fm,4543009134,39562 Melrose Place,11/30/2016,Inactivo
617,Delphine,Almack,dalmackh4@ameblo.jp,3987626573,1081 Nova Crossing,10/20/2011,Inactivo
618,Jayne,Muldrew,jmuldrewh5@hostgator.com,2451663020,5 Shelley Drive,12/4/2023,Activo
619,L;urette,Chiswell,lchiswellh6@ask.com,3708491018,4355 Mallory Point,1/6/2018,Activo
620,Franciskus,Cockton,fcocktonh7@eventbrite.com,7314359249,4741 Vernon Park,9/17/2008,Inactivo
621,Raine,Jeroch,rjerochh8@gnu.org,2915585213,0454 Darwin Point,6/23/2010,Activo
622,Bessie,Tremelling,btremellingh9@mtv.com,5362482200,235 Jana Place,8/1/2021,Inactivo
623,Phedra,McTeer,pmcteerha@amazon.com,2663908567,47468 Brickson Park Junction,10/1/2006,Inactivo
624,Brandon,Monger,bmongerhb@addthis.com,6036205460,9088 Declaration Point,9/28/2012,Activo
625,Claudetta,Husset,chussethc@psu.edu,6875637049,4488 Melvin Road,4/8/2012,Inactivo
626,Flo,Chew,fchewhd@gnu.org,6577113130,8 Hooker Hill,9/13/2013,Activo
627,Diana,Filisov,dfilisovhe@lycos.com,1424816687,026 Gateway Point,5/24/2015,Activo
628,Farly,Foord,ffoordhf@imdb.com,3665989443,779 Texas Avenue,5/24/2014,Inactivo
629,Luce,Rennebach,lrennebachhg@github.io,8701990161,44 Delladonna Pass,12/1/2011,Activo
630,Angela,MacNulty,amacnultyhh@mlb.com,8174665698,01 La Follette Park,12/3/2013,Inactivo
631,Harriett,Engelmann,hengelmannhi@miibeian.gov.cn,8835969342,46534 Annamark Place,1/8/2015,Inactivo
632,Jules,Glas,jglashj@deviantart.com,7121627288,48 Atwood Parkway,4/24/2009,Inactivo
633,Wallace,Stanbro,wstanbrohk@ucoz.com,3317188861,2196 Sloan Avenue,6/26/2014,Activo
634,Clark,Roantree,croantreehl@admin.ch,2585746656,21 Farwell Point,3/27/2014,Inactivo
635,Tamara,Bangiard,tbangiardhm@etsy.com,1058312488,26 Fair Oaks Circle,7/8/2016,Activo
636,Roma,Thickett,rthicketthn@ebay.co.uk,6015866374,66 Ryan Way,8/10/2017,Inactivo
637,Hort,Fresson,hfressonho@sciencedirect.com,4843751198,6 Cherokee Trail,8/6/2012,Inactivo
638,Tomi,Netti,tnettihp@symantec.com,2826269794,9518 Union Terrace,3/4/2019,Activo
639,Kendell,Mingauld,kmingauldhq@pinterest.com,9152565253,28 Rigney Court,6/20/2020,Activo
640,Maddy,Gewer,mgewerhr@deviantart.com,6443091517,3 Mockingbird Avenue,4/23/2012,Inactivo
641,Jeddy,Planque,jplanquehs@moonfruit.com,8653746933,36789 Talmadge Plaza,11/2/2006,Activo
642,Jerry,Rigolle,jrigolleht@360.cn,4766245714,1 Chive Parkway,2/5/2015,Activo
643,Anjela,Masedon,amasedonhu@yolasite.com,8336980711,89242 Dunning Court,3/30/2025,Inactivo
644,Alexander,Denyakin,adenyakinhv@newsvine.com,5741865200,40361 Artisan Center,5/29/2020,Activo
645,Nannie,Constantine,nconstantinehw@tiny.cc,2338495711,6 Moulton Parkway,10/31/2014,Activo
646,Elvis,Toplin,etoplinhx@sohu.com,5486048700,32764 Summer Ridge Terrace,3/22/2021,Inactivo
647,Daniele,Denzilow,ddenzilowhy@scribd.com,6867178637,61514 Sunnyside Pass,3/14/2014,Inactivo
648,Claudina,Gumb,cgumbhz@mlb.com,5405806414,62487 American Way,7/15/2013,Inactivo
649,Holt,Wilce,hwilcei0@hubpages.com,4469142074,759 Sloan Trail,8/4/2024,Inactivo
650,Olivier,Fynn,ofynni1@hibu.com,8217055232,1947 Riverside Park,12/1/2021,Activo
651,Jemimah,Richemond,jrichemondi2@alibaba.com,4482498422,4 Montana Terrace,7/30/2005,Activo
652,Alwin,Easum,aeasumi3@com.com,7083372289,59368 Judy Way,8/6/2016,Inactivo
653,Waylen,Mariyushkin,wmariyushkini4@eepurl.com,5155458692,1 Fairfield Lane,5/28/2023,Inactivo
654,Harcourt,Segrave,hsegravei5@51.la,2721505925,79 Sloan Crossing,11/19/2014,Inactivo
655,Whitman,Budge,wbudgei6@hud.gov,7246550153,78033 Hauk Lane,1/27/2017,Inactivo
656,Lynde,Clyant,lclyanti7@canalblog.com,1611504206,6 Graedel Circle,3/4/2010,Inactivo
657,Dasi,Bruntjen,dbruntjeni8@clickbank.net,7891187773,41048 Kingsford Road,12/7/2006,Activo
658,Flossie,Martinovic,fmartinovici9@cnet.com,8536268463,05 Kenwood Avenue,9/19/2006,Inactivo
659,Skell,Dublin,sdublinia@csmonitor.com,5476344402,7901 Arapahoe Crossing,7/18/2022,Activo
660,Glynnis,Laight,glaightib@creativecommons.org,8072903600,8927 Lunder Plaza,6/5/2013,Inactivo
661,Dallas,Mildmott,dmildmottic@1und1.de,2239472301,66 Hansons Road,11/1/2022,Inactivo
662,Fairlie,Yeowell,fyeowellid@macromedia.com,5962521562,197 Dryden Crossing,2/18/2008,Inactivo
663,Jodee,Yeardley,jyeardleyie@cornell.edu,6854435419,35506 Kings Park,3/7/2023,Activo
664,Vera,Kempshall,vkempshallif@nature.com,8718533928,60922 Golf Course Hill,10/18/2021,Inactivo
665,Evan,Broxton,ebroxtonig@usda.gov,4011088453,69887 Monica Trail,1/24/2009,Inactivo
666,Colly,Bansal,cbansalih@eventbrite.com,3484263775,723 Gulseth Way,9/26/2012,Activo
667,Lyn,Tabourier,ltabourierii@histats.com,2161712064,968 Saint Paul Court,2/20/2011,Inactivo
668,Bianca,Grishkov,bgrishkovij@xrea.com,9744012286,7 Judy Road,8/12/2010,Activo
669,Zebedee,Scroggie,zscroggieik@who.int,4056313763,8553 Grover Place,4/7/2020,Activo
670,Auberon,Ivimey,aivimeyil@youtu.be,9354698687,089 5th Crossing,9/5/2013,Inactivo
671,Menard,Danshin,mdanshinim@pbs.org,3876606447,93 Ridgeway Park,8/16/2014,Inactivo
672,Tobiah,Pattlel,tpattlelin@pbs.org,6937152617,296 Summit Pass,7/6/2023,Activo
673,Hewie,Sheeres,hsheeresio@wiley.com,7021807209,3164 Eliot Crossing,2/22/2009,Inactivo
674,Camella,Boddice,cboddiceip@posterous.com,3503222507,60 Lawn Court,2/17/2011,Inactivo
675,Mack,Sains,msainsiq@fc2.com,5446118450,05 Declaration Plaza,5/7/2022,Activo
676,Umeko,Robotham,urobothamir@cyberchimps.com,7265698373,15 Marcy Plaza,1/12/2009,Inactivo
677,Ker,Challen,kchallenis@exblog.jp,4852753224,00 Truax Street,5/14/2015,Inactivo
678,Melisse,Fendt,mfendtit@topsy.com,3568884541,704 Lyons Junction,10/20/2024,Inactivo
679,Anastasia,Sollitt,asollittiu@pbs.org,5519447373,8045 Fordem Alley,3/12/2012,Inactivo
680,Chloris,Bortolussi,cbortolussiiv@walmart.com,3973505423,0 Schurz Alley,11/27/2007,Inactivo
681,Tanney,Claricoats,tclaricoatsiw@google.com,3454824819,7218 Troy Hill,10/6/2009,Inactivo
682,Eldin,Berthel,eberthelix@istockphoto.com,5976274326,463 Bonner Alley,8/6/2024,Activo
683,Fidelia,Di Bartolommeo,fdibartolommeoiy@desdev.cn,3528441736,181 North Point,8/10/2023,Activo
684,Fionna,Stivani,fstivaniiz@npr.org,2277176398,3 Heath Park,6/18/2020,Activo
685,Armin,Collyns,acollynsj0@va.gov,7548221123,97796 Little Fleur Junction,8/24/2009,Activo
686,Fernande,Timperley,ftimperleyj1@tumblr.com,8317294693,2 Dixon Road,2/20/2024,Activo
687,Dulcie,Mogie,dmogiej2@shareasale.com,4024629623,48 Valley Edge Junction,8/22/2018,Inactivo
688,Carmine,Caldeyroux,ccaldeyrouxj3@apple.com,2218343456,0345 Prairie Rose Road,4/22/2019,Inactivo
689,Aloisia,Pyatt,apyattj4@reverbnation.com,3384656162,57 Crest Line Point,6/26/2012,Activo
690,Faith,Siggins,fsigginsj5@springer.com,4687126363,606 Blue Bill Park Avenue,6/17/2023,Inactivo
691,Padget,Orrell,porrellj6@github.com,2216889059,604 Schmedeman Junction,4/10/2014,Inactivo
692,Cassy,Roggieri,croggierij7@slideshare.net,6338003873,886 Hazelcrest Way,8/22/2017,Activo
693,Gasper,Kitto,gkittoj8@51.la,9218685413,5 Old Gate Circle,6/3/2007,Activo
694,Riobard,Enevoldsen,renevoldsenj9@yellowbook.com,8865036892,01 Algoma Street,1/3/2013,Inactivo
695,Margette,Tithecott,mtithecottja@weibo.com,4892691946,35907 Kropf Point,5/30/2014,Activo
696,Pace,Gheeraert,pgheeraertjb@webs.com,8587319696,8962 Columbus Trail,4/26/2022,Inactivo
697,Nomi,Connor,nconnorjc@infoseek.co.jp,6733679950,65590 Red Cloud Trail,4/6/2011,Activo
698,Rosene,Brinklow,rbrinklowjd@ebay.com,4321610441,2 Kenwood Center,8/11/2017,Activo
699,Felicia,Gooley,fgooleyje@xing.com,5863699617,144 Sloan Circle,4/5/2016,Inactivo
700,Bobinette,Van den Oord,bvandenoordjf@mayoclinic.com,3335553902,1214 Weeping Birch Court,9/9/2021,Activo
701,Norbie,Spraberry,nspraberryjg@meetup.com,3962325992,787 3rd Drive,7/18/2022,Inactivo
702,Linzy,Dilliston,ldillistonjh@cbc.ca,2807425003,9 Porter Lane,3/9/2009,Inactivo
703,Levy,Haizelden,lhaizeldenji@theglobeandmail.com,2847406367,12 Buena Vista Crossing,10/18/2017,Activo
704,Grata,Durban,gdurbanjj@java.com,3725035042,648 Truax Court,8/30/2020,Inactivo
705,Welbie,Collumbell,wcollumbelljk@tmall.com,1131695319,569 Hooker Hill,6/6/2010,Inactivo
706,Patrizia,Taverner,ptavernerjl@printfriendly.com,7939676275,14 Ilene Parkway,2/20/2010,Inactivo
707,Elli,Scardafield,escardafieldjm@t.co,7996238343,9921 Shoshone Parkway,12/4/2019,Activo
708,Robbyn,Normabell,rnormabelljn@upenn.edu,6375309259,05265 Pepper Wood Circle,3/3/2019,Inactivo
709,Marilyn,Simmens,msimmensjo@jiathis.com,7935835715,889 Autumn Leaf Lane,12/4/2015,Activo
710,Dominique,Polson,dpolsonjp@ca.gov,7837207602,24 Blue Bill Park Center,3/7/2025,Activo
711,Dniren,Shanklin,dshanklinjq@sphinn.com,4731790026,74719 Mccormick Circle,1/18/2023,Inactivo
712,Krysta,Cantera,kcanterajr@dailymotion.com,2392476637,29227 Clarendon Plaza,4/9/2018,Activo
713,Maurizio,Berriman,mberrimanjs@senate.gov,5016598769,142 Norway Maple Alley,11/2/2019,Activo
714,Trenna,Giggs,tgiggsjt@1688.com,2639086675,6 8th Alley,11/5/2016,Inactivo
715,Kira,Gypson,kgypsonju@statcounter.com,4268386254,6 Fremont Center,11/27/2011,Activo
716,Clementius,Brettell,cbrettelljv@independent.co.uk,2878774167,78 Hoard Hill,4/3/2008,Activo
717,Domenico,Kimmitt,dkimmittjw@shutterfly.com,6388463251,684 Twin Pines Pass,3/23/2010,Inactivo
718,Ellen,Baythorp,ebaythorpjx@histats.com,3868508420,55 Morningstar Plaza,1/2/2013,Inactivo
719,Orella,Jordanson,ojordansonjy@woothemes.com,9058850315,11 Vera Center,9/12/2007,Activo
720,Deane,O'Mohun,domohunjz@1und1.de,9922294706,59 Maple Pass,3/3/2016,Inactivo
721,Oralle,Jailler,ojaillerk0@discuz.net,9277418517,39115 Granby Terrace,5/17/2023,Activo
722,Daryl,Shalders,dshaldersk1@edublogs.org,6733289056,11 Northland Trail,4/17/2010,Activo
723,Court,Neumann,cneumannk2@vimeo.com,4355295579,8 Rutledge Way,5/11/2012,Inactivo
724,Lebbie,Kemwal,lkemwalk3@cisco.com,3463173017,261 Waxwing Trail,5/5/2024,Inactivo
725,Kristina,Abazi,kabazik4@sun.com,1035946854,70091 Brown Center,11/29/2020,Activo
726,Jaquelyn,Allright,jallrightk5@princeton.edu,1916146259,64 Shopko Avenue,9/23/2017,Inactivo
727,Fedora,Innocenti,finnocentik6@un.org,7538895513,67 International Junction,7/3/2018,Activo
728,Sammie,Bennallck,sbennallckk7@networksolutions.com,4516450869,3 Burning Wood Court,6/9/2009,Activo
729,Bonni,Blandamore,bblandamorek8@squarespace.com,1214954710,78889 Pleasure Court,12/16/2019,Inactivo
730,Nicol,Camings,ncamingsk9@linkedin.com,4103283938,7 Arizona Place,12/16/2006,Inactivo
731,Bron,Zaple,bzapleka@ucsd.edu,3383443017,68 Daystar Court,3/20/2020,Inactivo
732,Kym,McClure,kmcclurekb@addtoany.com,8931835895,6142 Old Shore Junction,3/1/2011,Activo
733,Bert,Lark,blarkkc@mapy.cz,8934309277,1674 Ramsey Street,11/11/2017,Inactivo
734,Lyndel,Gooke,lgookekd@drupal.org,4206474393,29892 Corben Park,12/19/2009,Activo
735,Christoph,Coushe,ccousheke@yolasite.com,7249869275,55873 Hoffman Terrace,9/15/2010,Inactivo
736,Parrnell,Audry,paudrykf@statcounter.com,7253585193,272 Sunnyside Circle,12/9/2014,Inactivo
737,Vanna,Landrieu,vlandrieukg@blogs.com,2806039634,9019 Golf Court,2/1/2018,Inactivo
738,Millie,Simonot,msimonotkh@w3.org,2203187310,0 Scoville Point,12/16/2011,Inactivo
739,Anissa,Waud,awaudki@google.com.br,5455104686,7 Forest Run Hill,6/25/2020,Inactivo
740,Mauricio,Matys,mmatyskj@yelp.com,4846138289,77 Mitchell Center,5/14/2011,Activo
741,Carey,Twitching,ctwitchingkk@merriam-webster.com,8293743719,674 Buhler Circle,3/11/2018,Inactivo
742,Roxana,Castanho,rcastanhokl@answers.com,1417890936,6 Merrick Hill,6/4/2013,Activo
743,Faunie,Leeson,fleesonkm@gravatar.com,1269907162,5 Dixon Pass,2/4/2009,Activo
744,Becky,Sings,bsingskn@friendfeed.com,3324246717,65 Heath Way,5/11/2012,Inactivo
745,Berna,Meaker,bmeakerko@yandex.ru,5323950772,08 Anhalt Way,10/27/2011,Activo
746,Tyson,Llewelyn,tllewelynkp@auda.org.au,7909601386,4169 David Place,5/19/2015,Activo
747,Lorenza,Mellanby,lmellanbykq@kickstarter.com,4177988184,1869 Morning Parkway,6/25/2022,Inactivo
748,Colleen,Dirr,cdirrkr@va.gov,3798189085,028 Summit Park,9/12/2006,Activo
749,Ruthann,Pluthero,rplutheroks@hubpages.com,6182682536,79 Del Sol Hill,6/11/2010,Activo
750,Marcella,Scotchforth,mscotchforthkt@accuweather.com,9331226024,76 Straubel Pass,4/11/2007,Inactivo
751,Bogart,Yitzovicz,byitzoviczku@ox.ac.uk,3835774432,66 Hanover Place,3/6/2006,Inactivo
752,Ulla,Derisley,uderisleykv@ted.com,7255130035,51 Barby Center,10/6/2006,Inactivo
753,Marietta,Tattershaw,mtattershawkw@oaic.gov.au,9836888363,59098 Lake View Avenue,3/24/2021,Inactivo
754,Johnette,Alyoshin,jalyoshinkx@spiegel.de,3956750739,1 Tomscot Hill,2/15/2021,Inactivo
755,Byrann,Bollands,bbollandsky@ucsd.edu,1685987739,1975 Warbler Plaza,10/7/2005,Inactivo
756,Collette,Hamil,chamilkz@hud.gov,5301284189,820 Alpine Parkway,1/28/2025,Inactivo
757,Ilsa,Blasi,iblasil0@nifty.com,4009170354,6 6th Parkway,5/19/2007,Inactivo
758,Hinze,Casale,hcasalel1@intel.com,2809663039,4802 Fair Oaks Parkway,7/24/2012,Activo
759,Giorgi,Matchett,gmatchettl2@ehow.com,7246512696,3586 Portage Junction,4/18/2022,Activo
760,Maxi,Stopps,mstoppsl3@virginia.edu,4375581708,95469 7th Lane,3/18/2017,Inactivo
761,Avivah,Swanwick,aswanwickl4@youku.com,4081270910,9 Eastwood Lane,7/19/2006,Inactivo
762,Fletch,McKennan,fmckennanl5@odnoklassniki.ru,1528305434,8 Paget Terrace,3/15/2011,Inactivo
763,Joshia,Eldershaw,jeldershawl6@salon.com,8991118936,3 Moland Trail,4/10/2024,Inactivo
764,Page,Perview,pperviewl7@constantcontact.com,7621771501,77 Pleasure Junction,12/1/2010,Activo
765,Gabriellia,Padbery,gpadberyl8@over-blog.com,4224428501,9 Golf Course Circle,9/20/2011,Activo
766,Valaree,Giacopelo,vgiacopelol9@businessweek.com,8885527023,08073 Sycamore Trail,12/31/2015,Activo
767,Maxy,Langlois,mlangloisla@indiegogo.com,6223580739,51133 Rieder Park,5/22/2010,Activo
768,Meris,Goldsworthy,mgoldsworthylb@twitpic.com,9042650281,00 Helena Drive,2/18/2018,Activo
769,Leonhard,Maystone,lmaystonelc@example.com,8049569561,42516 Meadow Ridge Court,3/16/2009,Activo
770,Morie,Najera,mnajerald@springer.com,2221494401,117 Milwaukee Trail,7/14/2014,Inactivo
771,Shaughn,Pappin,spappinle@ft.com,4606332869,492 Prairie Rose Crossing,8/8/2015,Activo
772,Jonell,Uglow,juglowlf@sbwire.com,1528992097,9431 Fairview Park,5/27/2012,Activo
773,Ulric,Behr,ubehrlg@simplemachines.org,8951575003,43156 Sauthoff Lane,2/16/2008,Activo
774,Chaim,Bohlin,cbohlinlh@fema.gov,6196524479,084 Corscot Park,3/4/2012,Inactivo
775,Jolie,Avrahamoff,javrahamoffli@studiopress.com,4485169386,037 Vidon Plaza,4/24/2010,Inactivo
776,Matty,Preon,mpreonlj@icq.com,4761224622,5 Eagle Crest Point,8/17/2021,Inactivo
777,Corrinne,Jans,cjanslk@msu.edu,4302662662,472 Crescent Oaks Park,5/19/2005,Activo
778,Vivyanne,Nozzolii,vnozzoliill@examiner.com,8807590862,19 Lawn Pass,3/13/2006,Activo
779,Dot,Dunklee,ddunkleelm@mashable.com,3352124907,24942 Erie Street,5/3/2006,Activo
780,Alexandros,Fancet,afancetln@rambler.ru,8607984113,96184 Norway Maple Lane,10/22/2014,Inactivo
781,Cecil,Senchenko,csenchenkolo@facebook.com,9388421507,43463 Thompson Trail,6/18/2015,Activo
782,Jaclyn,Abdon,jabdonlp@github.com,3209589592,94012 Sullivan Terrace,11/18/2008,Activo
783,Marielle,Wadman,mwadmanlq@addthis.com,3151208699,209 Scoville Court,12/7/2009,Inactivo
784,Eugenius,Forsdyke,eforsdykelr@ca.gov,4163257357,87 Cherokee Lane,12/10/2006,Inactivo
785,Andros,Bummfrey,abummfreyls@va.gov,3475084336,2 Glendale Center,3/12/2024,Activo
786,Thaxter,Michell,tmichelllt@woothemes.com,2515370682,96 Portage Crossing,10/16/2014,Activo
787,Rodi,Balhatchet,rbalhatchetlu@sogou.com,7669524621,35 Main Circle,3/26/2018,Inactivo
788,Naomi,Taysbil,ntaysbillv@alibaba.com,8743833778,6 Towne Lane,1/17/2007,Inactivo
789,Nikaniki,Chinery,nchinerylw@businessweek.com,9739054958,0046 Bayside Crossing,8/1/2009,Inactivo
790,Byran,Milnes,bmilneslx@umich.edu,2052888666,71 Schiller Parkway,1/19/2014,Activo
791,Theo,Bullivent,tbullivently@apache.org,5014763439,61 Mariners Cove Circle,2/15/2014,Activo
792,Colby,Azema,cazemalz@cdc.gov,6656168135,1 Longview Point,8/21/2015,Inactivo
793,Worden,Rottger,wrottgerm0@tinyurl.com,8522872494,1 Colorado Circle,1/17/2009,Inactivo
794,Elianora,Filipowicz,efilipowiczm1@timesonline.co.uk,6619476745,04 Old Gate Hill,12/7/2015,Activo
795,Ailsun,Rollinson,arollinsonm2@google.co.uk,9803082582,2575 Twin Pines Way,5/12/2020,Activo
796,Olivia,Reinert,oreinertm3@time.com,8419796458,18 Memorial Court,9/18/2013,Inactivo
797,Jeramie,Disbury,jdisburym4@auda.org.au,3075285961,4408 Larry Pass,2/23/2007,Inactivo
798,Yolanthe,Stamps,ystampsm5@last.fm,3879498767,403 Trailsway Crossing,11/15/2018,Inactivo
799,Lawry,Rowlings,lrowlingsm6@wsj.com,4037941758,976 Lotheville Alley,4/13/2012,Activo
800,Trudy,Shepperd,tshepperdm7@slashdot.org,7918513530,733 5th Alley,10/29/2005,Inactivo
801,Freemon,Symones,fsymonesm8@i2i.jp,7931230152,3 Dakota Crossing,4/5/2007,Activo
802,Amalee,Franzotto,afranzottom9@feedburner.com,5484790567,58 Macpherson Point,2/14/2015,Inactivo
803,Kristal,Kamien,kkamienma@qq.com,2934790073,905 Merrick Street,9/27/2008,Activo
804,Marys,Mertel,mmertelmb@wikipedia.org,3448041214,30061 Hudson Plaza,11/10/2005,Inactivo
805,Natala,Preece,npreecemc@google.com.au,7177066620,487 Gale Park,2/1/2006,Activo
806,Mandy,Stainburn,mstainburnmd@clickbank.net,5263160605,6 American Terrace,5/14/2007,Activo
807,Odessa,Dwelling,odwellingme@un.org,2269147504,89 Northfield Alley,1/15/2024,Activo
808,Ham,Twigger,htwiggermf@baidu.com,5716877620,9138 Reindahl Avenue,4/17/2020,Activo
809,Diarmid,McIlhagga,dmcilhaggamg@phpbb.com,9469647337,34 Spaight Street,6/16/2014,Inactivo
810,Milka,Abrahamoff,mabrahamoffmh@shinystat.com,3109803024,88813 Debra Terrace,3/13/2023,Inactivo
811,Garner,Daynter,gdayntermi@prnewswire.com,2803072040,39959 Wayridge Trail,11/29/2017,Activo
812,Chaddie,Rottenbury,crottenburymj@mapy.cz,6949854274,27163 Forest Run Alley,2/20/2025,Inactivo
813,Derrek,Howorth,dhoworthmk@blogtalkradio.com,1886120825,37 Merchant Avenue,6/5/2024,Inactivo
814,Lulita,Eversley,leversleyml@biglobe.ne.jp,8672971791,9 Clove Circle,3/10/2008,Activo
815,Leta,Kidwell,lkidwellmm@mapquest.com,9865467751,6 Reinke Terrace,12/6/2006,Inactivo
816,Lars,Bontoft,lbontoftmn@wunderground.com,3272358279,1 Graedel Center,3/15/2008,Inactivo
817,Jeddy,Poulsum,jpoulsummo@tinypic.com,4059054089,10 Schmedeman Drive,11/8/2006,Activo
818,Hobart,Treagust,htreagustmp@miibeian.gov.cn,4498608460,2 Red Cloud Drive,12/14/2017,Inactivo
819,Gleda,Cutajar,gcutajarmq@youtube.com,9684964507,867 Judy Center,3/19/2019,Activo
820,Isidro,Levermore,ilevermoremr@google.cn,5503076623,04 Artisan Parkway,3/4/2010,Activo
821,Ryon,Bretelle,rbretellems@last.fm,5144089600,1088 Messerschmidt Terrace,1/14/2008,Inactivo
822,Aila,Wellings,awellingsmt@wikipedia.org,7064112908,656 Logan Junction,4/30/2017,Inactivo
823,Dario,Earnshaw,dearnshawmu@mozilla.com,2387016441,5581 Maple Wood Hill,9/26/2007,Activo
824,Brittne,McKellen,bmckellenmv@imageshack.us,9048003578,9191 Carey Lane,2/3/2013,Activo
825,Ricky,Ebhardt,rebhardtmw@com.com,6698585465,42 Bluestem Avenue,12/18/2022,Inactivo
826,Morgen,Netley,mnetleymx@jigsy.com,5702030728,035 Warrior Lane,8/23/2005,Activo
827,Sibella,Leynton,sleyntonmy@livejournal.com,2001389054,97 Melby Point,12/6/2005,Activo
828,Lavena,Adair,ladairmz@tmall.com,9945504292,80 Arrowood Hill,12/15/2011,Activo
829,Clayson,MacLachlan,cmaclachlann0@amazon.co.jp,1479939593,51186 Sheridan Drive,2/26/2024,Activo
830,Daniella,Bosquet,dbosquetn1@usnews.com,4276195040,5682 Continental Trail,1/13/2017,Activo
831,Brigitte,Kerin,bkerinn2@smh.com.au,6308387300,9906 Esker Hill,10/4/2009,Inactivo
832,Vaclav,Weafer,vweafern3@cpanel.net,1547238704,196 Kings Junction,1/21/2025,Inactivo
833,Law,Buckthought,lbuckthoughtn4@exblog.jp,9306521464,3754 Pleasure Way,12/17/2019,Inactivo
834,Kermy,Bulbeck,kbulbeckn5@t-online.de,2281885217,79 Kipling Pass,3/15/2023,Inactivo
835,Sasha,Solleme,ssollemen6@scribd.com,1543817748,48 Pine View Crossing,12/11/2007,Inactivo
836,Ursula,Hoovart,uhoovartn7@wp.com,3043398528,14 John Wall Park,2/23/2013,Inactivo
837,Armin,McIlrath,amcilrathn8@netscape.com,1781289817,6062 Drewry Pass,7/2/2007,Activo
838,Anson,Gresham,agreshamn9@upenn.edu,7503032720,6807 Tennessee Place,6/26/2022,Activo
839,Isak,Wonfor,iwonforna@cbc.ca,4816984124,2 Superior Street,12/19/2019,Activo
840,Dannye,Negus,dnegusnb@samsung.com,3412539948,7 Hoffman Drive,12/24/2010,Inactivo
841,Harmony,McKeighen,hmckeighennc@netvibes.com,6132911585,7 Helena Lane,3/21/2008,Activo
842,Rosaline,Blanchet,rblanchetnd@nyu.edu,7022524439,5 Moulton Pass,3/30/2021,Activo
843,Sophey,Izsak,sizsakne@smh.com.au,8512133241,31165 3rd Road,3/1/2018,Inactivo
844,Ulric,Willers,uwillersnf@statcounter.com,6648652375,1191 Sachtjen Plaza,3/5/2022,Inactivo
845,Brett,Kubczak,bkubczakng@deviantart.com,7049176730,97381 Oriole Plaza,4/18/2009,Inactivo
846,Irving,Woollhead,iwoollheadnh@reference.com,5299214228,8964 Union Park,9/3/2018,Activo
847,Zulema,Bass,zbassni@addthis.com,3155996197,89 Marquette Alley,1/23/2012,Inactivo
848,Alie,Rowthorn,arowthornnj@ftc.gov,1355880746,0349 Holmberg Road,6/23/2014,Inactivo
849,Cathi,Mulvenna,cmulvennank@ycombinator.com,7492812564,710 Carpenter Lane,10/27/2014,Activo
850,Ruy,Bryett,rbryettnl@chicagotribune.com,9828591442,072 Autumn Leaf Crossing,12/8/2020,Inactivo
851,Amory,Monnery,amonnerynm@answers.com,7666223721,10544 Mallard Lane,11/1/2012,Activo
852,Hedvig,Molesworth,hmolesworthnn@oakley.com,6926818320,30820 Rieder Road,9/3/2005,Activo
853,Fallon,Runcie,fruncieno@wikimedia.org,9232988380,4593 Lukken Center,11/26/2021,Inactivo
854,Cori,Iwanicki,ciwanickinp@reddit.com,8405450911,13 Holmberg Alley,12/4/2010,Activo
855,Eward,Curl,ecurlnq@livejournal.com,4209298988,11 Chive Junction,8/23/2021,Activo
856,Thaxter,Czadla,tczadlanr@hp.com,6776570755,109 Becker Trail,9/15/2009,Activo
857,Thomas,Constantine,tconstantinens@cmu.edu,7721919054,12 Alpine Drive,10/1/2023,Inactivo
858,Brandy,Gaskamp,bgaskampnt@elpais.com,2064273617,7 Graedel Park,5/4/2006,Activo
859,Callida,Sutch,csutchnu@yale.edu,6887365856,184 Cardinal Street,12/29/2007,Activo
860,Loria,Tregoning,ltregoningnv@hud.gov,6375980240,7128 Tennyson Plaza,5/22/2006,Inactivo
861,Rolland,Beining,rbeiningnw@bravesites.com,3872413646,930 Kings Point,12/19/2020,Inactivo
862,Reggi,Clift,rcliftnx@mayoclinic.com,9393568436,6 John Wall Road,7/18/2019,Inactivo
863,Humphrey,Gownge,hgowngeny@usnews.com,2541439992,6 Tennessee Circle,4/12/2024,Activo
864,Leonard,Fauning,lfauningnz@vkontakte.ru,8301051738,74104 Comanche Point,11/14/2010,Activo
865,Morley,Blague,mblagueo0@networkadvertising.org,7309537406,30764 Scott Road,11/17/2016,Inactivo
866,Myrtie,Wilmington,mwilmingtono1@github.com,9436763110,12 Heffernan Place,2/11/2016,Inactivo
867,Rickey,Marrett,rmarretto2@globo.com,5136822537,81775 Weeping Birch Place,6/19/2021,Inactivo
868,Byrom,Ramsbotham,bramsbothamo3@reverbnation.com,4424999345,7 Northfield Crossing,10/4/2023,Inactivo
869,Zedekiah,Heenan,zheenano4@timesonline.co.uk,4054629572,75569 Jenifer Park,9/1/2019,Activo
870,Antony,Olivier,aoliviero5@exblog.jp,1999361005,902 Comanche Lane,9/2/2006,Inactivo
871,Nadeen,Gossage,ngossageo6@issuu.com,1939230104,60 Mesta Park,6/18/2020,Inactivo
872,Cosmo,Mahomet,cmahometo7@cdc.gov,5038706272,62032 Tennessee Terrace,9/13/2018,Activo
873,Adey,Dwyer,adwyero8@t-online.de,2109352357,327 Sunnyside Way,2/12/2023,Activo
874,Cybil,Dabourne,cdabourneo9@mail.ru,4029775122,7852 Anderson Plaza,11/7/2006,Activo
875,Kelly,Stothart,kstothartoa@ask.com,8241996769,6279 Crescent Oaks Center,7/23/2022,Inactivo
876,Amata,Ivanitsa,aivanitsaob@chronoengine.com,3326803325,7 Commercial Terrace,9/19/2007,Inactivo
877,Justis,Kemp,jkempoc@imdb.com,3948091518,67 Cottonwood Court,2/8/2011,Inactivo
878,Ginevra,Jansie,gjansieod@flickr.com,5558098343,87101 Oak Trail,5/29/2007,Inactivo
879,Garnette,Peracco,gperaccooe@state.gov,8864486514,4357 Kings Circle,7/18/2019,Activo
880,Aurie,McConway,amcconwayof@yahoo.com,1648797127,50315 Canary Drive,7/19/2023,Activo
881,Zacharia,Giottoi,zgiottoiog@forbes.com,6799843265,12 Dottie Way,3/22/2013,Inactivo
882,Ninnetta,Hellmore,nhellmoreoh@wufoo.com,2033134548,76500 Lakewood Gardens Center,7/13/2022,Inactivo
883,Mayer,Ashbey,mashbeyoi@a8.net,4126358126,9385 Meadow Vale Hill,10/10/2010,Activo
884,Stephani,Aldwick,saldwickoj@theguardian.com,9488100558,82179 Sundown Pass,5/25/2010,Inactivo
885,Ingeberg,Revan,irevanok@army.mil,3693222112,16 Florence Court,5/28/2010,Inactivo
886,Rubina,Fawcus,rfawcusol@shutterfly.com,1976535744,02 Colorado Terrace,9/11/2012,Inactivo
887,Aymer,Folan,afolanom@amazonaws.com,6444766362,13 Porter Center,12/31/2010,Activo
888,Ralina,O'Dea,rodeaon@purevolume.com,1125865430,0542 3rd Avenue,5/7/2019,Inactivo
889,Dominique,Stoakes,dstoakesoo@xing.com,8971104470,2 Linden Way,7/22/2016,Activo
890,Oona,Bracer,obracerop@deliciousdays.com,1492861748,86 Gina Trail,2/19/2011,Inactivo
891,Maryl,Waterson,mwatersonoq@ezinearticles.com,5352976960,8609 Forest Drive,4/11/2019,Inactivo
892,Grantley,Mahody,gmahodyor@pinterest.com,7947317593,3624 Nova Junction,12/3/2012,Activo
893,Kathryne,Kirmond,kkirmondos@cpanel.net,9392627418,937 Monument Way,4/6/2011,Inactivo
894,Kessiah,Drugan,kdruganot@house.gov,9749730534,31954 Barby Pass,6/19/2013,Activo
895,Foster,Pabelik,fpabelikou@ezinearticles.com,4238703190,4925 Kedzie Hill,1/19/2021,Inactivo
896,Lil,Ivannikov,livannikovov@yellowpages.com,3941933782,71 Randy Junction,5/1/2024,Activo
897,Marlena,Nance,mnanceow@bizjournals.com,6203706534,5410 Lakewood Gardens Place,5/29/2011,Inactivo
898,Tessa,Pilsworth,tpilsworthox@google.com.au,9841907410,6 Weeping Birch Center,11/22/2024,Inactivo
899,Wildon,McVie,wmcvieoy@illinois.edu,9676085162,36442 Colorado Court,6/1/2009,Activo
900,Helenka,Hiers,hhiersoz@bbc.co.uk,3185185536,79 Vidon Trail,9/7/2013,Inactivo
901,Lianne,Scandrite,lscandritep0@ustream.tv,6204668981,0 Hovde Road,6/19/2016,Activo
902,Khalil,Hazelton,khazeltonp1@mapy.cz,2385773970,581 Nancy Crossing,9/6/2017,Activo
903,June,Wife,jwifep2@go.com,5431189965,9946 Hermina Alley,5/18/2009,Inactivo
904,Udale,Imesen,uimesenp3@wired.com,5894062142,852 Packers Alley,12/3/2013,Activo
905,Joe,Schiefersten,jschieferstenp4@dailymail.co.uk,7651411014,13 Stephen Lane,11/20/2016,Activo
906,Petunia,De Brett,pdebrettp5@slashdot.org,1159962741,702 Eagle Crest Trail,9/19/2008,Inactivo
907,Bobbye,Pogue,bpoguep6@sbwire.com,2311420227,1583 Columbus Street,8/26/2012,Inactivo
908,Geralda,Beathem,gbeathemp7@uiuc.edu,7895588499,75357 Meadow Ridge Crossing,4/4/2014,Activo
909,Hilly,Stiff,hstiffp8@cocolog-nifty.com,3483420803,2560 Troy Court,6/23/2009,Inactivo
910,Jessika,Meanwell,jmeanwellp9@usnews.com,3114532857,067 Tony Circle,3/18/2006,Activo
911,Bev,McGready,bmcgreadypa@domainmarket.com,3219038450,9348 Birchwood Pass,5/3/2014,Activo
912,Olivie,Stickler,osticklerpb@163.com,1553407691,07878 Oakridge Place,9/22/2022,Activo
913,Niccolo,Hamal,nhamalpc@vinaora.com,8865376731,0 Dixon Street,11/4/2019,Inactivo
914,Marylee,Sibery,msiberypd@1und1.de,7165330421,8 Brown Way,11/11/2021,Inactivo
915,Brittne,Leedal,bleedalpe@nature.com,8526469596,877 Vahlen Way,8/17/2024,Activo
916,Bernadina,Gioan,bgioanpf@loc.gov,5038391952,365 Mallard Pass,11/2/2018,Activo
917,Janella,Hiskey,jhiskeypg@ocn.ne.jp,7934448661,1447 Carioca Terrace,4/1/2009,Activo
918,Sebastien,Ferriby,sferribyph@tinyurl.com,4925464352,54409 Thierer Street,8/16/2017,Activo
919,Tracey,Swindin,tswindinpi@nasa.gov,7709480040,48 Westport Crossing,6/12/2024,Activo
920,Rollin,Thoms,rthomspj@illinois.edu,3177788391,5 Gulseth Terrace,7/27/2019,Activo
921,Wittie,Bamell,wbamellpk@uol.com.br,2723132655,47453 Hazelcrest Center,4/30/2024,Activo
922,Bartel,Swinfon,bswinfonpl@ed.gov,3725539721,457 Becker Way,7/6/2020,Activo
923,Kellia,Boustead,kbousteadpm@indiatimes.com,2012511317,44429 Portage Point,3/6/2022,Inactivo
924,Milly,Fernandes,mfernandespn@unesco.org,5583418437,69658 Gerald Road,9/12/2018,Inactivo
925,Winnie,Gosenell,wgosenellpo@state.gov,8867887175,0435 Iowa Center,8/22/2008,Activo
926,Corri,Adshad,cadshadpp@shinystat.com,2442461191,68 Moose Terrace,6/7/2016,Activo
927,Urbain,Storrier,ustorrierpq@noaa.gov,7675067957,80 Lyons Drive,7/17/2015,Inactivo
928,Kermy,Shreve,kshrevepr@yellowpages.com,8471467323,16 Grayhawk Lane,8/25/2021,Inactivo
929,Timothee,Lalor,tlalorps@webnode.com,2457952563,0269 Commercial Point,7/29/2011,Inactivo
930,Myriam,McGreal,mmcgrealpt@webnode.com,2581510920,250 Carpenter Crossing,5/18/2014,Inactivo
931,Don,Guillard,dguillardpu@lulu.com,4676251189,8639 Scofield Alley,1/11/2006,Activo
932,Redford,Cannicott,rcannicottpv@icq.com,7593827636,87193 Arapahoe Junction,4/10/2023,Activo
933,Fara,Wattam,fwattampw@slideshare.net,3578349293,365 Daystar Crossing,9/28/2007,Activo
934,Paxton,Weeks,pweekspx@dropbox.com,7762053706,284 Nova Center,7/23/2014,Activo
935,Ninon,Baxstair,nbaxstairpy@live.com,4909307811,52763 Tony Hill,4/12/2016,Activo
936,Tabbatha,Seakings,tseakingspz@adobe.com,6811470098,4 Utah Trail,6/25/2009,Activo
937,Shayna,Ezele,sezeleq0@symantec.com,9674626766,8 Buena Vista Way,8/1/2015,Activo
938,Jae,Riolfo,jriolfoq1@furl.net,1104947412,680 Kings Road,10/16/2015,Activo
939,Ramsay,Loffel,rloffelq2@pbs.org,7892456381,129 Bluestem Road,7/2/2011,Inactivo
940,Aubrie,Widdocks,awiddocksq3@washington.edu,6425228083,625 Katie Court,10/14/2006,Inactivo
941,Betta,Bartolommeo,bbartolommeoq4@deliciousdays.com,1982611578,32 Vidon Terrace,1/31/2006,Activo
942,Daren,Jeffryes,djeffryesq5@wordpress.org,2238381338,1 Caliangt Way,5/3/2017,Inactivo
943,Octavius,Hebdon,ohebdonq6@wunderground.com,9531929905,3399 East Avenue,3/31/2015,Activo
944,Ramona,Naris,rnarisq7@diigo.com,9319073774,461 Nova Lane,12/17/2007,Activo
945,Roger,Arthey,rartheyq8@kickstarter.com,7374527624,637 Starling Way,6/27/2007,Activo
946,Cherye,Oiller,coillerq9@ow.ly,1726942706,069 Southridge Drive,4/9/2011,Activo
947,Hadleigh,Pauel,hpauelqa@google.com.hk,4466747050,85 Westend Park,12/7/2005,Activo
948,Jobyna,Haryngton,jharyngtonqb@guardian.co.uk,9377034364,28 Helena Trail,11/30/2012,Activo
949,Leona,Pane,lpaneqc@homestead.com,4582705895,6 New Castle Park,6/27/2021,Inactivo
950,Isabelle,Lile,ilileqd@discuz.net,3032832552,64 Morrow Hill,7/9/2009,Activo
951,Jacques,Patroni,jpatroniqe@delicious.com,3034338372,6541 Goodland Junction,1/10/2024,Inactivo
952,Sherri,Jovey,sjoveyqf@fema.gov,2841959932,6 Pleasure Crossing,1/9/2016,Inactivo
953,Smith,Bahia,sbahiaqg@nps.gov,1859155140,547 Forest Run Park,7/6/2022,Inactivo
954,Maisie,Sackett,msackettqh@goo.ne.jp,4073658355,75570 Kings Lane,4/12/2017,Activo
955,Malina,Heasly,mheaslyqi@bluehost.com,5074125161,1 Schlimgen Alley,4/22/2009,Inactivo
956,Jennilee,Garlee,jgarleeqj@cbsnews.com,2083056291,888 Florence Lane,8/26/2023,Inactivo
957,Felicity,Hebditch,fhebditchqk@globo.com,4936441401,47198 Reinke Lane,1/17/2017,Inactivo
958,Davine,Jewkes,djewkesql@amazon.co.uk,7533661503,70 Garrison Pass,6/23/2007,Activo
959,Charmaine,O'Hartnett,cohartnettqm@wikispaces.com,7077217681,03205 Golden Leaf Road,7/2/2023,Activo
960,Albertine,Musslewhite,amusslewhiteqn@typepad.com,9229469574,438 Little Fleur Park,11/4/2015,Inactivo
961,Louella,Cawston,lcawstonqo@reference.com,1482345354,21065 Monument Way,8/1/2013,Inactivo
962,Wye,Cashman,wcashmanqp@blogs.com,8396592110,9 Toban Point,6/9/2013,Inactivo
963,Stefano,Davoren,sdavorenqq@phpbb.com,2069288621,25 Washington Street,4/30/2014,Inactivo
964,Shanie,Bennis,sbennisqr@globo.com,7971268747,320 Roth Way,3/2/2021,Activo
965,Cristal,Ducket,cducketqs@alexa.com,5069261939,3 Lotheville Circle,4/14/2025,Activo
966,Melisande,Whitby,mwhitbyqt@ucsd.edu,8186988280,00337 Sloan Avenue,11/25/2005,Inactivo
967,Nicko,Bassil,nbassilqu@google.cn,4496959995,21 Kenwood Hill,4/23/2022,Inactivo
968,Jobey,Fundell,jfundellqv@miitbeian.gov.cn,6323281353,556 Monterey Drive,5/26/2018,Activo
969,Dorthy,Iozefovich,diozefovichqw@microsoft.com,7025563802,7 Milwaukee Alley,8/20/2007,Inactivo
970,Steffen,Wigsell,swigsellqx@quantcast.com,5233477651,42 Waxwing Circle,4/15/2012,Inactivo
971,Trina,Sidary,tsidaryqy@wired.com,6383320185,33794 Mifflin Trail,7/20/2019,Inactivo
972,Daryle,Bartels,dbartelsqz@zdnet.com,7039380287,1251 Old Gate Center,1/13/2017,Inactivo
973,Faye,Smitham,fsmithamr0@php.net,9553792833,74953 Quincy Park,6/17/2020,Inactivo
974,Jarrid,Hand,jhandr1@craigslist.org,6428334545,94 Sloan Drive,10/21/2019,Inactivo
975,Tonnie,Barkley,tbarkleyr2@wisc.edu,9297524610,56 Meadow Vale Pass,1/30/2009,Inactivo
976,Taber,Staples,tstaplesr3@opera.com,8924291022,36 Butternut Avenue,6/7/2024,Activo
977,Constantia,Filippone,cfilipponer4@opensource.org,1297626620,2652 Pankratz Alley,12/24/2024,Inactivo
978,Chadwick,Artois,cartoisr5@51.la,1194074899,6172 Hanover Street,7/14/2006,Inactivo
979,Deeyn,Edgell,dedgellr6@alibaba.com,2334823488,636 Dennis Point,5/10/2005,Inactivo
980,Gregory,Helkin,ghelkinr7@eepurl.com,7634575623,9 Beilfuss Pass,8/24/2020,Inactivo
981,Patrizius,Tixier,ptixierr8@pcworld.com,6101249990,9 Sutteridge Center,7/13/2016,Inactivo
982,Meghan,Pakenham,mpakenhamr9@about.com,9463474539,928 2nd Alley,10/20/2020,Activo
983,Matelda,Thow,mthowra@yellowpages.com,7804236261,590 Melody Point,12/10/2017,Activo
984,Norine,Goldston,ngoldstonrb@hp.com,2061957457,240 Oriole Terrace,12/18/2008,Inactivo
985,Antony,McElroy,amcelroyrc@apple.com,6597726694,5 Maple Circle,12/15/2007,Activo
986,Anderea,Brodbin,abrodbinrd@artisteer.com,6943327524,8691 Drewry Parkway,6/4/2008,Activo
987,Ogdon,Seabridge,oseabridgere@toplist.cz,6858842626,344 Vera Park,6/29/2010,Activo
988,Bab,Pedlow,bpedlowrf@netscape.com,6467010591,052 1st Court,8/10/2017,Activo
989,Allyson,Full,afullrg@berkeley.edu,9481127387,91358 Ludington Pass,10/13/2022,Inactivo
990,Samson,Penniell,spenniellrh@flickr.com,9084452114,0 Knutson Road,3/16/2011,Activo
991,Dusty,Presslee,dpressleeri@disqus.com,9036182247,87 Northfield Junction,8/15/2024,Inactivo
992,Marco,Folini,mfolinirj@linkedin.com,3938724384,915 Algoma Center,1/9/2025,Activo
993,Noellyn,Malim,nmalimrk@theguardian.com,7315951326,3 Manitowish Center,11/3/2007,Inactivo
994,Polly,Caldeyroux,pcaldeyrouxrl@cocolog-nifty.com,7738589028,00 Utah Way,7/9/2020,Inactivo
995,Deck,McGonigal,dmcgonigalrm@etsy.com,1908096008,715 Packers Place,5/25/2014,Activo
996,Parke,Bottini,pbottinirn@wp.com,1891963860,11 Quincy Drive,6/29/2021,Inactivo
997,Ferrell,Lasslett,flasslettro@jugem.jp,7772610905,9556 Village Green Pass,6/28/2006,Inactivo
998,Gene,Matusovsky,gmatusovskyrp@tiny.cc,6982144598,583 Annamark Way,3/31/2018,Inactivo
999,Grier,Larrington,glarringtonrq@clickbank.net,4439283723,53788 Kim Center,2/1/2021,Activo
1000,Moreen,Clayal,mclayalrr@google.com,2932850174,65701 Moulton Court,10/2/2014,Inactivo
